Price,NumBedrooms,IsLuxury
103375.7614,1,0
316030.1699,4,1
333690.06,3,1
122305.3568,4,0
351798.8598,2,1
676922.4903,4,1
277316.3525,3,0
188922.9338,2,0
191607.2181,3,0
180729.6457,3,0
111788.6598,2,0
198941.9264,3,0
239464.1044,1,0
222228.9304,3,0
252241.3202,2,0
155707.1319,3,0
160019.0332,4,0
421588.8578,3,0
152376.5716,3,0
210733.5129,3,1
105041.6445,2,0
216972.8449,4,0
385041.5546,4,1
424385.0666,4,1
335869.6815,4,0
430556.8472,3,1
153297.265,2,0
312456.8833,4,1
506890.4558,3,0
390605.9215,4,1
430310.8257,4,1
769797.5161,4,1
256978.3221,3,0
205562.6791,3,0
318949.998,4,1
167546.7668,2,0
274558.259,3,0
122660.0682,2,0
654180.6485,4,1
121486.5873,4,0
279893.0825,4,1
410816.4987,4,1
490495.3436,3,1
399436.5842,4,1
206029.5987,2,0
222198.5451,4,0
273015.0238,2,0
248308.2316,4,0
353108.2819,4,1
353173.3423,3,1
244280.9675,3,0
191113.1065,2,0
277617.8096,5,0
521223.2561,4,1
103947.6295,3,0
171418.0448,1,0
275311.908,3,0
333708.0442,5,1
306202.9736,1,1
180247.7314,2,0
397236.8931,3,1
160304.1753,4,0
682875.7818,4,1
393215.7564,3,1
166673.7965,2,0
630994.2869,3,1
360053.6851,4,1
478799.9918,4,1
230289.9546,4,0
307315.345,1,0
528618.8707,3,1
98378.32224,3,0
692732.5812,4,1
422653.6677,2,1
606809.1906,3,1
257544.0629,2,0
334199.9353,4,1
284255.1623,3,1
108250.9154,2,0
138047.5627,2,0
234564.8609,3,0
252944.9569,4,0
170641.265,2,0
455997.1118,3,1
779931.8759,2,1
211883.045,2,0
370207.3866,3,1
235334.2782,3,0
207397.7233,3,0
633005.2522,5,1
646806.3598,2,0
220143.6872,2,1
224349.0624,3,0
137212.5389,1,1
254020.7906,4,0
216351.837,3,0
247083.9187,3,0
109758.7827,4,0
146397.9284,3,1
173722.5743,1,0
204115.2013,2,0
260976.6665,3,0
395125.7018,4,1
497692.5176,3,1
535835.6644,5,1
226768.2603,2,1
310305.5598,3,1
276203.9201,4,0
331247.0143,3,1
374402.1233,4,1
259757.602,4,0
118735.8676,1,1
280920.0402,4,1
202463.8609,2,1
543193.7648,2,1
410357.2197,5,1
173809.6441,1,1
217171.6912,3,0
389877.9007,5,1
208419.3752,4,0
370495.3218,2,0
103212.0744,3,1
127574.0886,2,0
166450.4353,1,1
309631.4746,3,1
196204.535,3,0
249538.9243,3,0
799996.2481,5,1
544763.5776,3,1
312296.6703,5,1
164903.4879,2,0
182897.1964,3,0
375795.8439,4,1
150830.2384,2,0
98879.35132,2,0
304631.685,2,1
225726.3565,2,0
155684.9643,2,0
299223.8467,1,1
415007.0335,4,1
142240.2358,2,0
374959.758,4,1
229519.262,5,0
255087.7075,5,0
379489.2465,4,1
216757.3556,2,1
160474.9654,3,0
253375.0876,4,0
254400.6244,3,0
120748.6048,1,0
210881.4665,3,0
308427.1324,4,1
655324.1759,4,1
969059.6957,5,1
461748.4582,4,1
233971.9901,4,0
748256.0279,4,1
227469.3042,3,0
319230.5488,4,1
136281.9799,2,0
362981.6337,4,1
284596.5952,4,0
241041.2506,3,0
149161.886,2,0
276656.5065,4,0
410697.6667,4,1
353477.4283,3,1
356183.7097,2,1
798826.0426,5,0
222852.3977,1,0
249815.1871,2,1
166987.0495,3,0
145718.0224,4,0
217954.655,4,0
442071.1893,4,0
319396.2929,3,1
404764.9182,3,1
720948.6752,6,1
151561.3852,2,0
129968.5095,2,0
280525.7092,4,1
358729.7227,3,1
704512.7722,4,1
470238.5325,5,1
284396.0632,4,1
455562.132,4,1
448231.5409,3,1
261273.8014,4,0
274343.871,4,0
354094.8412,3,1
110505.7101,3,0
171977.7174,3,0
178009.8491,2,0
130890.354,2,0
271626.442,3,0
249751.8563,3,0
101762.9942,1,0
401584.651,4,0
207601.5597,3,0
165832.1784,4,1
370626.9651,2,1
229867.2818,3,0
261299.0612,4,0
201083.057,4,0
289915.2581,2,1
500787.2489,5,1
453167.7797,4,1
468592.981,3,1
643648.7488,5,1
284846.2384,4,1
165266.5131,2,0
113423.8569,1,0
400906.5969,4,1
390164.8623,3,1
187995.7479,1,0
334882.4909,4,1
133991.8721,1,0
384299.924,3,1
173253.2882,2,0
365160.8737,2,1
315110.2214,3,1
544722.7857,5,1
103024.6398,2,0
236584.1873,3,1
407629.4936,5,1
506388.8471,5,1
297285.8169,3,1
290957.0203,2,1
350479.6175,3,1
179465.1961,2,0
510530.1082,4,1
447293.5671,3,1
312074.1011,3,1
143197.3936,2,0
118334.6332,3,0
99325.70034,1,0
104773.5017,3,0
236450.6019,3,0
163532.6969,2,0
452987.9875,4,1
313470.0031,4,1
380770.1555,3,1
411243.601,5,1
256564.7699,1,0
251183.1563,4,0
155965.7046,1,0
180707.6909,2,0
206294.6469,3,0
93883.51932,3,0
172888.1978,3,0
232326.4253,3,0
210467.5593,3,1
237388.69,4,0
497529.3938,4,1
137084.6115,2,0
312374.5689,2,1
530691.8255,4,1
238569.6214,2,0
272776.072,4,0
280135.5817,4,1
574520.8943,3,1
162605.8875,1,0
282254.4151,5,1
523913.4523,3,1
268097.0147,3,0
330576.3618,4,1
262653.3923,3,0
162547.0472,2,0
274124.9918,2,0
175680.1302,1,0
177882.2157,5,0
340979.9018,4,1
111889.5615,2,0
358367.7787,3,1
265278.7319,3,0
323896.9028,4,1
620197.351,4,1
134130.7502,3,0
304931.3849,3,1
335756.0143,1,1
372249.6346,4,1
520589.6866,2,1
411343.6274,3,1
571526.5617,4,1
245104.5692,3,0
235613.132,4,1
108935.8619,3,1
497908.5102,4,1
174200.3734,3,0
322341.8634,3,1
145942.1369,3,0
118104.4673,2,0
412440.005,2,1
238343.9376,4,0
122930.8342,3,0
246206.4743,3,0
147760.8634,2,0
165566.0579,2,0
109258.2332,1,0
527307.9088,5,1
780190.8628,5,1
157587.7771,2,0
235908.2389,3,0
161223.6344,2,0
201849.2072,3,0
123104.0484,3,0
155727.5636,2,0
421368.8869,2,1
111529.805,2,0
565338.9769,4,1
363985.391,3,0
733103.4288,5,1
316592.6204,3,1
172521.4329,3,0
258308.4169,3,0
175781.7126,3,0
192044.4362,3,1
193488.1005,2,0
305813.1243,3,1
103436.2248,3,0
242450.3356,2,0
675749.7362,3,1
318126.9653,4,1
206316.8392,3,0
397238.4498,3,1
115156.9002,2,0
233534.837,3,0
265015.4048,2,0
542916.9681,6,1
314737.1867,4,0
234433.7794,3,0
204687.7228,2,0
624004.5467,3,1
192100.1045,3,0
220351.6395,1,1
679097.4556,4,1
205922.9258,1,0
145164.6243,2,0
336955.922,3,1
466709.337,3,1
324337.8834,4,1
445058.7417,4,1
340097.7088,4,1
257093.7751,4,0
352999.1133,4,1
152467.1669,3,0
511448.6747,5,1
248336.565,3,0
155146.8993,4,0
177944.3403,2,0
277389.5276,4,0
126108.4073,2,0
405334.8917,3,1
129571.1343,3,0
503922.7306,2,1
631038.2748,4,1
516799.3191,3,1
142639.1425,3,0
202084.3426,3,0
348991.4784,3,1
235364.9007,3,0
342576.4266,3,1
184100.4687,4,0
461983.6949,3,1
266465.0939,4,1
264687.482,3,0
203962.6062,2,0
241942.875,3,0
164491.9501,3,0
135815.7113,3,0
330861.4805,3,1
387483.377,3,0
252928.8126,3,1
497905.6963,3,1
551289.4411,5,1
165425.0982,1,0
393815.2236,3,1
646182.2465,3,1
296121.6951,3,1
432179.2694,3,0
401065.9409,3,1
214089.6239,2,0
407852.18,3,1
405574.4351,1,1
129485.9721,4,0
280418.7304,2,1
323691.9893,2,1
102580.7852,2,0
107330.1073,1,0
302811.6508,2,1
524598.9768,5,1
154684.3011,3,0
158109.1568,3,1
369157.1951,3,1
244766.5398,3,0
169536.3962,3,0
278642.1448,3,0
423641.3572,2,1
354961.7707,2,1
244662.9562,1,0
343336.0697,3,1
214297.0732,3,0
266337.8745,5,0
244814.255,2,0
415681.7376,4,1
521954.8921,4,1
283519.0624,4,1
343053.3563,4,1
623993.8792,4,1
88580.3812,1,0
269536.7121,4,0
229785.0799,2,0
232594.7678,3,0
327626.1061,3,1
248086.4852,3,0
168532.7932,3,1
240754.6703,3,0
317898.9263,3,1
251869.3825,2,0
327448.2674,5,1
149402.0683,1,0
182818.7408,3,0
351747.2649,3,0
214596.5987,2,0
658461.7223,4,1
492994.8442,2,1
219968.9935,5,0
283743.8872,4,1
303853.3608,3,1
252796.5789,4,0
368824.7083,4,1
419123.8418,5,1
187888.8282,2,0
356569.8677,2,1
347052.8596,5,1
189564.2486,3,1
284318.2353,3,1
202859.3176,4,1
361331.6827,3,1
713993.1241,4,1
191718.172,4,0
229928.759,4,1
150695.0969,2,1
336337.6459,3,1
344786.63,2,1
280494.9248,4,1
360491.2038,4,0
300740.9772,2,1
550091.5551,4,0
236691.7614,3,0
123575.9347,2,0
260356.7383,2,0
323646.6032,4,1
98622.30842,2,0
652902.385,4,1
313766.7632,3,1
190662.9313,2,0
485170.8378,1,1
207331.9679,3,0
111298.1421,2,0
169416.882,2,0
232506.3177,2,0
610064.7447,3,1
256123.2288,4,0
822630.8227,6,1
201575.1283,3,0
319705.9149,4,1
509492.6003,4,1
295980.5785,3,1
113104.3844,3,0
120438.0192,2,0
345504.5387,1,1
110454.7642,2,0
119563.1348,2,0
662675.9344,4,1
586725.5921,3,1
124414.6586,2,0
202946.7719,1,1
294006.8647,3,1
251042.806,4,0
218754.4913,3,0
122559.9246,2,0
339351.4185,5,1
504221.8113,3,1
361257.3895,4,1
493629.1326,3,1
365843.4516,4,1
248789.3322,2,0
95067.28153,1,0
551047.2345,4,1
93963.58358,3,1
312594.3837,2,1
244610.7551,2,0
477219.5197,3,0
342939.5367,3,1
95856.1153,2,0
541235.5038,3,0
537982.891,4,1
170808.2439,3,0
244009.9532,2,0
222140.2512,2,0
254840.1404,3,0
98056.79277,3,0
317672.2156,4,1
463689.7188,4,1
195341.3991,2,0
474816.6255,3,1
446542.03,3,1
198672.4582,3,0
244504.4305,1,0
393259.0021,4,1
248310.5492,3,0
175701.0941,2,0
204755.9384,2,0
195416.5331,2,0
135333.7626,2,0
254110.0525,3,0
187420.2746,2,0
383541.8907,4,1
499542.613,4,1
702265.437,5,1
591930.0137,5,1
230285.191,4,0
272823.1207,4,0
249268.1619,3,0
257438.9156,3,0
466401.4281,5,1
146268.2679,2,0
201890.2908,3,0
240045.8232,4,0
339091.8612,2,1
351210.4303,4,1
256372.5145,4,0
618110.2488,3,1
113299.4671,3,0
240851.9783,2,0
265397.8247,3,0
322496.1499,2,1
154546.2588,2,0
355509.5762,4,1
479105.0217,3,1
503702.0815,4,1
400789.3699,3,1
416597.0363,4,1
321147.6717,4,1
409672.2311,4,0
463029.2579,4,1
428899.4386,4,1
314818.9064,4,1
277255.8684,3,0
140842.3883,3,0
109087.4478,3,1
269688.4728,3,0
215665.2148,3,0
469333.7639,3,1
193712.9455,2,0
309141.3191,4,1
220315.6302,3,0
103727.154,1,0
476261.3868,2,1
243722.0049,4,0
157550.5442,2,0
449192.4444,5,1
273769.0828,3,0
383798.3606,3,1
172227.7567,4,0
275767.8705,3,0
420255.3959,4,1
92151.74651,1,0
297714.1583,2,1
465411.917,3,1
234150.2392,3,0
257273.9223,4,0
97427.25678,3,0
767721.1084,6,1
320500.8382,2,1
312782.8059,4,1
446075.8762,3,0
164309.6409,3,1
174452.5836,2,1
516020.9028,5,1
202100.7793,3,0
473382.5348,5,1
110864.4095,2,0
327347.9656,3,0
400944.4919,3,1
373346.7227,4,1
196620.752,2,0
154249.565,3,0
218757.1645,3,0
283028.7124,2,1
308120.0689,4,1
377092.29,5,1
226944.7235,2,0
498851.7088,4,1
471721.7656,3,1
340863.3536,3,1
415436.8385,3,1
257606.4882,4,0
153573.3276,3,0
201622.4738,2,0
324848.6239,3,1
520671.8883,3,1
459045.6798,4,1
181434.0593,2,0
158116.3485,3,0
113935.0884,2,0
452654.1891,4,1
218601.7834,4,1
211649.1352,3,0
161330.406,3,0
324782.6328,3,0
434970.7078,3,1
112980.7449,3,0
425157.08,5,1
138602.8269,2,0
168483.329,2,0
230173.566,3,0
156294.8951,3,1
189162.786,4,0
253476.2673,2,0
302975.6561,3,1
247180.2754,3,0
255230.9738,3,0
371325.8584,2,1
146124.9394,2,0
104735.1932,2,0
116907.4444,2,0
717578.6979,5,1
432952.5713,6,1
282253.0256,1,0
157531.1689,3,0
492566.1352,4,1
206191.2904,1,0
481402.8049,4,1
165108.6084,2,1
297382.5679,3,1
262980.2794,2,0
171613.4246,3,0
106645.3587,1,0
469389.2362,3,1
97058.08872,1,0
205937.7401,4,0
376242.2191,4,1
398689.0703,2,1
369749.0723,5,1
262871.0421,2,0
290802.8624,3,1
878270.4815,5,1
461560.2178,4,1
324387.7875,3,1
191370.9394,3,0
228871.9721,3,0
413696.176,3,0
148852.0295,3,0
607617.5735,4,0
309475.7389,4,1
290743.0373,5,1
277934.3181,4,0
114524.9105,2,1
403001.0933,5,1
504229.4659,4,1
163575.4804,3,1
153535.3657,1,0
212943.7066,3,0
277441.6937,2,0
446406.9359,4,1
573920.1164,3,1
189396.4227,3,0
441280.179,4,1
337640.8887,4,1
98513.09269,2,0
379212.9742,5,1
347345.675,4,1
579785.4694,4,1
257522.3403,3,0
244850.0049,3,0
354263.9805,4,1
475262.5456,5,0
157501.3561,3,0
327189.4572,3,1
208975.1804,3,0
168431.4026,3,1
421524.3866,4,1
154990.6295,2,1
181631.6169,3,0
145468.7412,2,0
365322.3062,3,1
508240.4454,4,1
297070.034,3,1
454453.7197,3,1
220849.5079,3,0
196117.0289,3,0
300684.2367,4,1
298345.4482,3,1
354524.7111,3,1
158471.7514,2,0
369438.1439,3,0
90122.38554,3,0
326008.5763,3,1
225542.0184,2,0
206050.2198,3,0
158839.4141,2,0
413218.8644,3,1
197193.796,3,0
273247.2535,4,0
262492.94,4,0
562484.0227,1,1
349391.2377,5,1
159395.7219,3,1
203564.234,2,0
354353.6387,3,1
161533.5785,4,0
283822.2283,3,1
144490.858,3,0
182140.9594,2,0
459567.602,4,1
279109.5484,2,0
363057.9952,4,1
300974.5539,2,1
362917.3377,5,1
343937.572,4,1
258216.0685,3,0
91763.35075,2,0
380733.0623,3,1
650641.7431,4,0
303786.0932,2,1
344545.4984,3,1
174760.7324,4,0
251945.1802,3,0
644542.115,4,1
597377.9812,4,1
113867.704,2,1
300406.5819,1,1
330090.5606,3,1
318574.1442,4,1
238916.7137,5,0
193579.1699,2,0
341148.4504,3,1
321072.6461,3,1
381701.4755,5,1
173670.6252,3,0
461667.4612,5,0
295342.0273,4,1
196765.808,2,1
260260.6374,3,0
263931.7455,3,1
293232.5093,3,1
218397.4733,4,0
475850.3779,4,1
401135.7425,4,1
113721.45,1,0
146057.4532,3,0
340862.5578,3,1
156453.1818,2,0
154177.1892,3,0
196785.7624,4,0
116731.4427,2,0
222404.4952,2,1
535479.8648,3,1
181909.8306,2,0
415496.8971,4,1
298185.2356,4,1
421852.2768,5,1
473601.4141,5,0
334716.2929,4,1
575304.7083,4,1
477452.2338,4,1
153829.4032,3,0
382171.5594,5,0
118599.8402,2,0
575023.6845,4,1
248163.8659,3,0
268929.6573,2,0
481639.5277,4,1
160415.9956,3,0
126134.1796,2,0
488872.2089,4,1
384158.1752,1,1
121606.9623,3,1
564601.8115,4,1
196541.7694,2,0
363716.895,4,1
122427.5754,1,0
416898.1012,4,1
307135.0187,3,1
264808.5711,3,0
397043.65,3,0
601100.0146,4,1
149985.9048,3,1
502007.3141,3,1
411710.1671,5,1
373416.1307,4,0
1004323.974,4,1
388416.6197,2,1
190849.8791,2,0
153165.0037,3,0
165482.0594,1,0
354213.0866,5,1
536376.4065,3,1
380064.2378,3,1
268381.7089,4,0
120929.0389,2,0
276114.303,4,0
256574.4397,4,1
137600.1985,3,0
472945.5328,5,1
129572.8694,2,0
161248.7798,2,0
158634.0109,2,0
194009.7516,3,0
456965.1835,2,1
268454.0863,3,0
274113.6555,2,0
438926.1957,4,1
418497.7631,2,1
166751.417,3,0
216188.2021,3,0
328445.3249,4,1
103080.8523,2,0
273449.9487,3,0
301173.9556,4,1
226058.3649,1,0
425167.2697,4,1
306655.055,3,1
493844.755,4,1
98435.51986,1,0
372032.2221,6,1
506532.904,4,1
85000.0,1,0
224345.928,3,0
256751.1774,3,0
396534.8625,3,1
332189.1019,3,1
291614.0944,4,1
361398.7754,3,1
346686.6221,3,1
404481.797,3,1
143269.7371,1,0
284876.22,5,1
198274.6968,3,0
133859.3801,1,0
829612.6819,4,1
335982.5127,2,1
223625.846,2,0
189578.0677,2,0
374159.8778,3,1
212120.0921,4,0
107444.0965,2,0
322050.2796,5,1
334675.3086,3,1
265407.0054,3,0
281180.6138,3,1
371639.9016,4,1
309018.0742,3,1
365276.7021,3,1
192110.0073,2,0
387762.1979,3,1
254413.1466,3,0
298185.6107,5,0
328661.4105,3,1
403526.8027,2,1
305972.3126,3,1
159151.9278,4,0
500877.557,3,1
536029.0706,4,1
467226.488,3,1
139404.3725,2,0
594199.6817,4,1
227814.0832,3,0
662215.8511,4,1
324162.0997,4,1
300946.7406,2,1
219833.9251,2,0
685133.8945,4,1
105967.4529,1,0
378592.8484,3,1
252206.3363,2,0
200331.3534,2,0
165834.1971,4,0
410459.3708,4,1
96863.68367,2,0
367594.2369,3,1
334478.0946,1,1
342679.5368,3,1
144362.9708,2,0
475523.4029,5,1
456164.2115,4,1
313652.0388,2,1
330395.2954,4,1
231074.2306,1,0
285138.4883,4,1
228904.7746,3,0
434637.2054,4,0
429663.1204,4,1
722574.6253,4,1
122436.7116,3,0
291613.4365,3,0
130765.982,2,0
163287.2633,3,0
789259.36,3,1
337003.2336,3,1
413003.9979,2,1
470714.7115,4,1
596002.3773,3,1
170764.9409,2,0
660281.9581,3,1
380782.1881,3,1
417593.3801,4,1
496358.2834,3,1
557698.2794,4,0
190469.5938,1,0
625748.35,4,1
222101.5906,1,0
554555.2712,3,1
340925.1564,3,1
175648.9446,2,0
121420.1686,3,0
760446.2967,4,1
182395.2099,2,0
404654.1572,3,1
640135.6395,4,1
285644.6181,3,1
112529.2773,2,1
197180.0,2,0
300227.2395,2,1
202880.5964,3,0
280460.0013,3,0
104435.5011,1,0
345373.5712,5,1
248403.4061,4,0
683500.7185,3,1
414467.0282,3,1
476570.3733,4,1
445799.2446,2,1
313430.0109,2,1
586225.2075,4,1
330678.6526,3,1
931377.1891,6,1
266749.8707,4,0
150955.8344,2,0
204501.6496,3,0
226404.3435,3,1
277702.0739,3,1
423935.6588,3,1
265124.8389,3,0
366361.8071,3,1
133591.3704,3,0
401829.2799,4,1
500642.8657,4,0
418899.9362,4,1
556251.2911,3,1
436602.8189,3,1
319668.9235,3,1
297866.4092,4,1
168100.8249,2,0
399559.1881,3,0
296815.2986,4,1
216691.1785,4,0
342115.0793,3,1
88969.66014,2,0
208764.2546,1,0
298957.4967,4,1
266952.8137,5,0
516382.1541,3,1
172426.9023,2,0
199372.794,2,0
155726.5703,2,0
180015.2789,1,0
208805.3098,2,0
334952.6535,4,0
669964.7707,4,1
165809.6323,3,0
333524.6641,3,1
312146.1179,2,1
557907.882,4,1
570208.7807,2,0
212593.3699,3,0
128708.696,2,0
155735.0323,2,0
269408.846,3,0
279007.9273,2,0
395658.2952,4,0
505005.466,2,1
210645.6183,4,0
330731.053,3,1
151940.0427,2,0
301953.5935,3,1
191893.9135,2,0
435340.0265,4,1
135238.8633,1,0
422422.0922,3,1
222700.0343,2,0
199811.224,3,0
419228.1018,4,1
124195.6191,3,0
189138.1239,2,1
174835.0863,3,0
483033.3232,4,1
214365.1076,2,0
190229.8273,4,0
257123.6481,1,0
386734.8426,3,1
255046.6856,3,0
313945.7134,3,1
177081.8556,2,0
244605.9014,3,0
104702.2639,2,0
272321.0159,4,0
324141.5167,4,1
208361.4597,3,0
485149.4351,4,1
1046675.64,5,1
228408.6537,2,1
219115.0432,3,0
397536.3935,3,1
380920.0576,4,1
194645.6957,2,0
256709.7659,4,0
415232.6716,4,0
291851.8906,4,0
298156.0984,3,1
597936.86,2,1
93244.66967,2,0
435899.0208,4,0
297723.341,4,1
285337.659,3,1
338282.5032,2,1
680379.2709,5,1
154910.4527,2,0
141305.0162,2,0
351857.5163,4,1
315702.0311,2,1
625194.5566,5,1
202105.9233,3,0
838651.0995,3,1
269142.4041,3,0
154184.2007,3,0
158586.5965,3,0
250219.6031,3,1
354530.4942,2,1
227591.673,3,0
380247.8732,2,1
173230.4008,3,0
192555.8989,4,0
218988.0487,2,0
346545.9581,3,1
108831.3591,2,0
251114.3834,3,1
150168.9155,3,0
290681.4959,4,1
188074.8765,2,0
130243.4643,3,0
402828.9072,4,1
185506.6524,3,0
636344.946,4,1
116963.4581,2,0
195228.6598,2,0
247500.2352,1,0
220771.2414,2,0
262995.1233,3,0
452777.9337,5,1
150876.3169,3,0
287045.0396,3,0
377986.588,2,0
205482.8076,3,0
146453.1937,2,0
314438.3722,5,1
183399.3991,4,1
362597.7191,3,1
332446.69,5,1
154243.4509,2,0
162349.4198,1,0
233356.7843,4,0
539832.9873,1,1
178337.6542,2,0
399845.0949,3,1
490977.0892,5,1
307326.7045,1,1
344662.7065,5,1
581250.1542,4,1
336213.541,2,1
100919.2111,2,0
572701.7326,4,1
279679.0263,2,1
159804.1684,3,0
102085.3713,2,0
263088.4075,1,0
133054.8655,2,0
395370.0208,4,1
122588.4295,2,0
208002.2829,3,0
151679.9536,1,0
208835.2267,1,1
258466.8909,3,0
156581.1599,2,0
287178.9815,3,1
365600.5205,2,1
213153.8592,2,0
161429.4012,3,0
589555.3422,4,1
204273.6783,3,0
224401.1229,2,0
182972.2245,3,0
531264.9596,4,1
176540.0897,1,0
296219.1147,3,1
361173.5942,3,0
253879.4828,2,1
323895.5717,5,1
194915.0189,3,0
148922.7213,2,0
434618.9425,2,1
100454.2202,2,0
274641.4696,4,0
139220.3462,3,0
469224.3919,4,1
405985.2649,2,1
108316.6944,3,0
634236.6517,5,0
115582.8138,2,0
155192.2549,2,0
221604.3822,2,0
391482.9572,3,1
138522.2516,3,0
277576.4536,2,0
200794.2658,3,0
388822.7101,3,1
502681.1407,3,1
257261.2663,4,0
558091.1803,4,1
284664.4704,3,1
238735.4337,4,1
233192.9191,3,0
219438.7073,4,0
299562.5482,3,1
94893.72949,2,0
144546.0256,3,0
276745.1316,4,0
243095.2922,3,0
144095.3205,2,0
527517.4762,3,1
172170.5016,2,0
294184.9964,3,1
126326.4729,3,0
801352.1832,4,0
291554.8425,2,1
268660.3877,3,0
406620.216,2,1
265806.8971,3,0
311079.6871,2,0
313837.4258,3,1
265184.1466,2,0
314011.1561,3,1
224462.6259,3,0
216027.484,3,0
243836.8679,2,0
333808.6597,5,1
106660.6252,2,0
299295.496,4,0
620643.526,3,1
243314.3963,3,0
286863.768,5,1
312914.8435,4,1
437594.4926,4,1
190286.3937,1,0
139014.6639,3,0
285480.6974,3,0
664778.3726,5,1
234702.934,3,0
277124.1579,4,0
596871.5103,3,1
171563.133,3,1
620485.497,3,0
166401.0351,1,0
155966.8368,2,0
243713.4611,3,0
364915.3492,3,1
317209.8854,3,1
89507.31472,1,0
168172.0172,3,0
107426.5406,3,0
87592.69696,3,0
174603.251,3,0
668152.1142,4,1
114055.9299,2,0
379709.2558,5,1
184345.9638,3,0
647940.0255,4,1
152156.6843,2,0
577973.6383,5,1
164053.6481,3,0
220116.8995,3,0
347992.3326,3,0
407982.6534,4,1
495983.2214,5,1
351533.8074,2,1
263045.3486,3,0
231689.9809,4,0
100671.6346,2,0
228320.9626,3,0
455923.3553,4,1
145622.0632,3,1
458837.414,4,1
125356.8514,2,0
386853.4093,4,1
504576.2147,3,1
290723.6744,4,1
249253.7187,4,0
172082.2746,3,0
701063.0109,3,1
255223.1838,3,0
276946.0848,2,0
527403.0778,4,1
106858.1898,3,0
473517.8678,4,1
173749.1011,4,0
174112.8032,3,0
273206.7468,3,0
106203.7719,2,0
392429.0313,3,0
292651.1657,3,1
137434.8608,1,1
241637.9918,4,0
728016.4966,5,0
450754.4439,3,1
184023.9313,2,0
129585.866,2,0
189464.8595,3,1
192709.4402,4,0
87553.43304,2,1
294734.4667,2,1
266314.2278,3,1
592114.7018,5,1
172264.1938,2,0
451392.1117,3,1
189542.5624,3,0
154377.7289,2,0
247646.9723,4,1
115076.6196,1,0
325171.012,3,1
404649.8598,2,1
268498.1044,3,0
244151.4962,2,0
542507.0004,3,1
257834.9712,4,0
446524.2008,3,1
523759.2625,3,1
214599.2362,3,0
411991.4629,4,1
209226.8989,3,0
235726.9397,3,0
220458.9936,3,0
326257.5547,5,1
195380.3873,3,1
200222.2152,3,0
115898.4252,2,0
310388.4997,2,1
498427.3212,5,1
175804.0395,4,0
333119.4581,3,1
272175.1689,3,0
180489.4816,3,0
178832.3372,3,0
246774.391,2,0
367857.0917,3,1
352118.863,2,1
436686.29,3,1
266635.8168,3,0
216118.7539,4,0
381030.2686,3,1
445123.7902,4,1
290193.7822,3,0
146184.7259,2,0
167505.027,1,0
338592.5273,2,1
126734.4481,1,0
106573.5554,1,0
429336.5244,3,1
307431.951,3,1
192298.4441,3,0
348718.2566,2,1
253793.309,5,0
324138.1524,1,1
209459.8706,4,0
311554.6722,2,1
166416.1392,1,0
387598.4927,4,0
293436.3778,2,1
559270.6017,5,1
275386.7579,4,0
123995.3891,1,0
185993.6128,3,0
347272.8982,3,1
168852.6152,3,0
274219.2224,4,0
220880.9254,4,0
436583.3912,4,1
264995.9968,2,0
180264.3626,2,0
311390.3588,3,1
244642.5188,3,0
147432.4916,3,0
169045.8255,3,0
140598.8579,2,1
247071.616,3,0
160568.0355,1,0
181325.5549,4,0
403407.0994,3,0
229290.5403,3,0
331012.6022,4,1
297790.4311,4,1
109519.9162,3,0
228840.023,3,0
164642.1452,2,0
368724.117,3,1
716433.5331,4,1
301249.9623,3,1
191719.6633,3,0
109352.9138,1,0
112111.933,3,0
292428.3672,3,1
285671.5703,4,1
740112.2268,5,1
132210.7474,2,0
123607.752,2,0
107785.5137,3,0
560377.0145,2,1
445000.4992,3,1
585904.7904,4,1
548801.6252,5,1
454510.2017,4,1
247871.7929,3,0
169035.3533,4,0
294636.4247,2,1
335479.1449,3,1
174486.9737,3,1
161024.8989,4,0
341453.6385,4,1
366320.0461,3,0
384302.9634,3,1
369374.0785,3,1
133195.6287,3,0
187035.2859,3,0
390743.2922,4,0
533515.2737,3,1
447754.7187,5,1
203826.3253,3,0
299748.049,3,1
176180.2675,2,0
141906.3328,3,0
166410.2939,3,0
220449.0188,4,0
167060.5385,4,0
595309.7115,6,1
238031.5034,3,0
294966.6083,3,1
387022.6954,4,1
358954.4705,3,1
182090.5999,3,0
306499.0732,4,1
239145.3146,4,0
147605.9,3,0
223834.2497,4,0
147751.6192,3,0
172946.3162,2,0
106683.0052,2,0
377484.9406,1,1
259129.7683,3,1
221652.5832,3,0
183995.1525,2,0
439736.5995,4,1
325228.2416,3,1
277072.5336,2,0
126781.413,2,0
118293.0448,2,0
408199.614,3,1
317286.8387,3,1
237747.1793,3,0
368140.5532,2,1
190796.713,3,0
130991.5648,2,0
373566.5159,4,1
181623.4481,3,0
247757.2793,3,1
637845.1546,4,0
198737.0467,3,0
269320.9444,1,0
105014.6275,4,0
236852.6988,3,0
140335.5584,1,0
379303.0371,3,1
481586.8265,4,1
557984.5278,4,1
621514.0038,5,1
102435.3805,3,0
208616.2079,3,0
95474.22338,2,0
355748.8956,2,1
431632.9844,2,1
186967.2311,2,0
409837.8844,4,1
470749.5279,4,1
344345.3157,4,1
105457.0652,4,0
335858.8406,3,1
330874.5842,2,1
182404.964,1,0
157016.0229,3,0
171020.9746,2,0
475149.7195,5,1
127201.7428,2,0
425016.2084,3,1
179111.0641,2,0
441797.6611,3,1
383062.9673,2,1
183050.1678,1,0
214792.7871,2,0
210386.9226,2,0
284128.3875,3,1
658930.854,3,1
223631.1761,4,0
458718.1038,4,1
355520.0706,2,1
303812.3481,2,1
321465.721,3,1
176071.022,3,1
321142.0997,2,1
293853.7085,3,1
117408.8394,2,0
358166.2244,3,1
488321.9791,4,0
266132.3364,3,0
135240.9527,1,0
269500.4758,4,0
296420.9407,2,1
352245.6365,3,0
108036.1452,1,0
469787.4253,5,1
242474.8316,2,0
195394.7271,3,0
423666.1849,4,1
649298.622,4,1
552908.7589,4,1
340049.7139,3,1
139838.0712,3,0
394748.4104,3,1
331474.4211,4,1
420596.5449,3,1
148936.4237,2,0
237289.5945,3,0
477659.6964,3,1
241973.132,3,0
214542.4035,2,1
515634.3517,4,1
178277.2988,2,0
118005.4383,3,0
233930.5767,4,0
358519.7049,3,1
439467.0557,4,1
579828.7902,4,1
340846.2192,3,1
103906.7701,3,1
303263.1002,3,1
454814.8805,3,1
262885.2504,2,0
444323.1819,4,1
379378.2464,3,0
516899.9028,3,1
317864.72,3,1
99796.15875,2,0
183644.5634,3,0
265923.2631,4,0
458340.5494,3,0
515034.703,4,1
239890.6814,3,0
113473.0186,3,0
202333.7397,3,0
162320.7656,3,0
179304.2649,4,1
146327.6155,2,0
362669.4953,3,1
178287.6262,3,0
203330.5476,2,0
389246.5963,4,1
169245.1904,2,0
230955.7823,4,0
478604.9413,4,1
99201.47008,2,0
169669.0713,1,0
191978.5615,4,0
525579.2303,3,0
363172.6963,3,0
429467.2941,3,1
118339.1469,1,0
130151.0263,2,0
188495.1353,2,0
110478.7079,2,0
722695.5967,4,1
248443.0907,5,0
222835.941,2,0
229907.5308,4,0
649144.8176,3,1
158795.2187,4,0
295696.8424,5,1
444847.9144,3,1
610665.3734,3,1
260584.5972,4,0
223352.04,3,0
605332.7378,5,1
449874.4741,4,1
476766.0442,6,1
237711.8506,3,1
138983.7605,1,0
674874.6858,3,1
168961.3183,1,0
147636.2983,2,0
728981.4251,5,1
671258.9396,3,1
228969.0716,3,0
136992.0677,1,0
653098.2287,3,1
129436.3972,3,0
317623.7007,3,1
260065.2432,3,0
458228.8181,3,1
380930.7666,2,1
120021.2617,4,0
410505.7881,4,1
134547.8645,3,0
446895.5184,3,1
392080.7921,4,1
350743.6955,3,1
218544.2298,3,0
206442.1435,2,0
259413.2253,3,0
125330.8811,2,0
375807.7968,4,1
256951.685,2,0
492346.072,2,0
111387.8426,2,0
140480.1178,1,0
298550.7118,4,1
448388.3903,3,1
178847.5692,2,0
313865.4735,4,1
209281.8858,2,0
479347.3542,3,1
241370.1502,2,0
420008.0172,3,1
260597.4029,4,0
494047.2404,5,1
513305.2882,3,1
221980.481,4,1
226476.069,2,1
442888.6542,2,1
104515.8155,4,0
471933.5698,2,1
376806.9077,3,1
360383.6609,2,1
198803.6428,3,0
227750.252,2,0
292000.4039,2,1
319296.6176,4,1
348788.7039,4,1
323911.7643,3,1
591379.3687,3,1
262216.334,2,1
111532.0583,1,0
301123.5065,2,1
197930.0233,4,0
368004.9107,2,1
340697.6327,3,1
222754.4147,3,0
335423.1111,4,0
237801.2117,4,0
363179.2547,3,1
702986.559,5,1
387702.7452,4,1
498591.0251,3,0
313402.4745,5,1
112495.9077,3,0
597680.795,5,1
407702.4333,3,1
438060.8193,4,1
228007.9217,3,0
149637.461,3,0
545986.41,5,1
158374.7565,1,0
362288.7938,2,1
553869.8339,3,1
249996.7756,3,0
357602.1174,3,0
258264.0576,2,0
465727.5718,5,1
284453.0662,5,1
195818.9389,2,0
425329.428,2,0
544573.6443,5,1
340131.4768,3,1
262084.584,5,0
267071.2183,3,1
323049.1251,1,1
436059.7709,4,1
228529.6801,2,0
225040.9524,2,0
420670.8592,3,1
281768.783,2,1
395455.9143,4,1
147100.1732,3,1
395342.5076,4,1
210296.1478,2,1
179707.2477,2,0
231996.3563,2,0
550819.4833,4,1
506588.2279,1,1
318574.8172,3,1
129388.2699,2,0
621039.3751,3,1
264770.1768,3,0
362670.4233,4,1
159865.7763,1,0
135171.2247,3,0
338874.9432,3,1
207916.0652,3,0
253804.8412,1,0
413716.1285,3,1
239473.8559,1,1
350815.0944,2,1
93040.74187,1,0
631525.8582,3,1
124117.4428,2,0
480959.1294,5,1
168395.9918,2,0
649669.2624,3,1
153786.7746,1,0
304780.9044,4,1
260961.0197,2,0
412065.7793,4,1
307821.1758,4,1
242770.8674,3,0
439405.5189,4,1
579376.8411,3,1
263584.8855,5,0
371056.8776,4,1
322889.1985,3,1
352007.6445,4,0
298703.9825,3,1
203789.1138,3,0
486223.6836,4,1
191567.1324,4,0
226085.6429,3,0
174009.5459,1,0
393730.3412,2,0
180812.6816,2,0
97214.25526,3,0
202350.4343,3,0
409990.2258,3,1
343211.2567,3,1
216777.2147,1,1
107551.5454,3,0
285942.035,1,1
270183.298,2,0
315701.3441,5,1
714639.506,5,1
350210.6549,3,1
537768.8483,4,1
119661.8405,2,0
197713.3609,2,0
121473.7397,2,0
293993.3106,3,1
175056.4765,1,0
250630.2176,4,0
365013.7557,3,1
363917.0858,4,0
261312.3182,3,0
277380.0021,4,0
301554.775,2,1
294474.7962,3,1
492082.8928,4,1
86238.83042,2,0
112350.1734,2,0
298228.7665,5,1
314212.8878,2,1
413615.4089,2,1
501300.8343,4,0
453849.3753,5,1
377705.7939,4,0
150242.8915,2,0
991274.4424,4,0
454624.7953,5,0
114219.9196,1,0
451632.5014,3,1
345417.8795,3,1
485288.7307,4,1
508459.2489,4,1
682957.6831,3,1
152273.9906,2,1
478765.379,4,1
408698.952,3,1
303848.0849,2,1
485823.7032,3,0
324655.1221,3,0
295611.038,3,1
325843.6499,2,1
429472.0052,4,1
173076.6515,3,0
274644.6068,3,0
216655.028,2,0
432756.0642,6,1
194939.3225,3,0
298930.5856,2,1
335873.3856,4,1
150688.617,3,0
89280.14708,1,0
416279.762,5,0
194669.4038,3,0
582712.1101,4,1
217355.5061,2,0
312105.731,4,0
265426.7808,4,0
175174.4727,2,0
403775.1233,4,1
202260.9904,3,1
413029.4084,4,1
163368.2428,3,0
127826.9011,1,0
152646.3897,2,0
134596.131,4,0
227867.0347,2,0
207249.2201,4,0
124085.0562,2,0
290249.893,4,1
271564.8979,5,0
380646.3154,1,1
567107.0582,4,1
642582.8348,4,1
179935.4661,2,0
480828.826,4,1
277087.4016,4,1
374306.8394,3,1
423648.7103,3,1
333004.9719,2,1
210136.9152,1,0
425217.6306,3,1
411627.6809,3,1
452303.4089,3,1
255798.0539,2,0
334043.8965,4,1
198408.6971,2,0
396697.5594,3,1
332887.2554,3,1
339846.8397,4,1
411235.6714,2,1
332437.6919,3,1
175921.5956,1,1
166427.1753,3,0
143619.0809,2,0
287789.7826,3,1
138546.8422,3,0
128863.451,2,1
251516.9781,2,1
313710.4687,4,1
324846.9354,5,1
290805.3052,4,1
126372.039,2,1
142295.662,3,1
571602.0232,4,1
460052.4777,3,1
116897.0428,1,0
215313.2562,4,0
194777.6616,3,0
174263.9779,2,1
196604.6614,3,0
145967.6379,2,0
232443.1219,5,0
153304.2906,2,0
209952.1873,2,1
117728.0793,1,1
482068.3311,3,1
215120.723,2,0
209402.4015,4,1
443293.6067,4,1
364630.6228,4,1
212369.7208,2,1
184298.8701,2,0
162069.5658,2,0
297133.7751,3,1
301719.5129,4,0
107249.169,3,1
167792.6953,2,0
504189.9766,3,1
290609.6604,4,1
494415.0555,4,0
404071.5205,4,1
269349.8726,3,0
119365.209,3,0
189391.0331,4,0
200630.6172,3,0
203073.0997,3,0
153056.5317,3,0
107153.8993,1,0
263745.9375,4,0
245724.4255,4,0
402197.8271,4,1
413801.6422,3,0
278236.9864,2,0
600335.1548,4,1
224321.015,3,0
455628.2404,4,0
159097.7158,3,0
334113.5332,3,1
182488.3861,2,0
285175.2294,4,1
323339.5808,3,1
188525.5716,2,0
408009.4866,3,1
484361.1995,2,1
485449.7041,5,1
98573.58358,1,0
549795.928,2,1
408791.31,1,1
216648.2848,2,0
402487.8841,4,1
286430.9385,4,1
111551.2801,1,0
311591.5511,4,1
291471.0943,1,1
306739.1784,2,1
104345.7119,2,0
301654.4355,6,1
126778.5049,2,0
282835.0753,5,1
142093.7534,2,0
190205.9094,1,0
195998.6689,2,0
263076.735,3,0
416626.6304,2,1
399129.7357,3,1
113258.5348,3,0
179792.2036,3,0
156291.7125,2,0
270462.6923,2,0
233002.9048,3,0
151577.0948,1,0
329381.1695,4,1
278318.661,4,0
177518.1051,3,0
286857.3794,4,1
225913.5844,2,0
171925.6082,3,0
201157.2822,3,0
227861.6369,2,0
265068.4697,3,0
190078.5479,3,0
111939.1888,2,0
579001.6333,4,1
254900.1712,4,0
548884.3065,3,1
150126.3934,3,0
299565.611,3,1
397269.967,3,1
327068.3617,3,1
195297.2596,3,0
384728.6432,4,1
632980.112,4,1
312620.9171,3,1
166175.7552,2,0
276102.4432,3,0
448776.4174,4,0
204027.4388,4,0
435944.4423,3,1
271531.6073,2,0
456311.9426,3,0
819756.8075,4,0
173899.5665,3,0
278518.2929,3,0
96016.41834,3,0
363914.6366,2,1
186324.8193,1,0
190132.4176,2,0
231746.2944,4,0
398073.4053,2,0
232410.9649,4,0
101236.1876,1,0
294572.4649,4,1
112204.4099,3,0
262803.5963,4,0
470273.5243,3,1
251064.3973,3,0
339540.6449,4,1
411337.1456,4,1
189156.7895,1,0
468472.1179,3,1
277700.7131,2,0
492873.3022,3,1
668295.4842,3,1
293364.156,3,1
295184.9616,3,1
326752.5584,4,1
108336.1425,1,0
289352.8122,5,1
288045.5479,3,0
383859.4941,4,1
387076.1872,3,1
211981.4799,1,0
223367.7467,2,0
350686.3764,3,1
122016.6518,2,1
201989.3311,2,0
338380.9694,3,0
99926.50041,1,0
296536.7354,3,1
417551.268,5,1
409291.9788,3,0
338560.184,4,1
134447.8725,3,0
356250.7195,2,0
214448.7043,2,0
118517.5122,1,0
453237.3277,3,1
682995.0557,4,1
578788.0282,5,1
144597.1668,4,0
296317.4918,3,1
165950.2086,1,0
256648.7761,4,0
426242.3791,4,1
155913.4548,3,0
290455.1881,4,0
391493.9671,2,0
255148.639,3,0
178507.514,2,0
364999.49,5,1
230854.4814,3,0
182530.0161,3,1
372771.7711,1,1
401205.3247,3,1
350823.0371,4,0
164664.3915,4,0
96713.65354,1,0
217778.2459,3,0
233917.4045,2,1
202878.4811,1,0
350619.7241,4,1
354268.4129,2,1
251984.0737,3,0
346404.9159,3,1
308828.2779,1,1
689398.8244,4,1
135470.4414,3,0
397874.7103,4,1
403389.7835,3,1
212846.8827,3,0
277537.2027,3,0
379268.1187,5,1
298752.8523,3,1
528127.8507,2,0
491058.1524,4,1
346591.1288,1,1
360835.3173,2,1
265916.5792,4,0
451105.5525,2,0
695356.7368,4,1
739816.9259,3,1
122975.5391,1,0
240135.3011,3,0
548590.0138,4,1
200818.954,3,0
239811.194,3,0
110427.8589,2,0
524579.4399,4,1
209759.2238,3,1
186897.8253,4,0
334719.6051,3,1
172692.171,1,1
403224.7699,4,1
381405.3245,3,1
197633.9779,1,0
323908.0938,3,1
402121.6345,3,1
568904.4179,3,1
384219.8759,3,0
197703.9644,3,0
269144.7304,2,0
336939.7982,4,1
307105.4905,3,1
197747.4995,3,0
437769.4065,4,1
144160.3422,1,0
348768.5642,3,1
235796.2815,4,0
349996.2652,2,1
163677.9423,1,0
394010.6991,3,1
181669.9418,2,0
161999.2888,3,0
179729.0412,2,0
158916.1659,2,0
406831.7743,3,1
553379.1957,5,1
459398.3591,3,1
724198.9065,5,1
248188.2014,4,0
274713.7644,1,0
200754.4642,2,1
252073.0135,1,0
264833.5258,3,0
282926.7594,3,1
484959.3802,5,1
147924.8775,4,0
341137.3523,3,0
344911.5591,4,1
397836.7671,4,1
125547.0981,1,0
295280.7222,3,1
188442.1053,3,0
335517.7029,1,1
138465.3329,4,0
278062.661,4,1
161611.813,3,0
259413.6359,4,0
358905.9131,4,1
553218.0459,3,1
120464.7704,2,0
282994.8668,1,0
109353.449,2,0
353651.7208,5,1
172711.0743,1,0
147335.3796,3,0
182683.8867,3,0
299567.9959,3,1
244027.2836,3,0
257520.3555,2,0
329648.5927,2,1
182105.3596,1,0
432803.8536,5,1
385473.4938,3,1
245413.2988,4,1
224232.9026,3,0
179635.891,2,0
189735.9028,2,0
293761.1775,2,0
548417.5068,3,1
463412.5911,3,1
611335.534,3,0
455238.6954,3,1
94945.29121,3,0
329248.5451,2,1
160359.5372,3,0
474269.9146,3,1
201442.1326,3,0
303217.004,3,1
329770.112,2,0
163847.6551,3,0
118378.6969,1,0
259072.1918,4,0
215335.419,3,0
325830.4139,3,1
582774.318,7,1
462583.2748,4,1
152926.0367,4,0
106447.0001,2,0
250270.0733,1,0
445046.2937,3,1
156150.7303,3,0
138315.1695,2,0
214925.2506,4,1
280856.0706,3,1
452624.6154,4,1
276852.617,3,0
414159.8518,3,1
181878.1121,3,0
448257.7508,3,1
297161.0335,3,1
538568.7553,3,1
329310.4682,3,0
220926.562,4,0
208793.7303,2,0
426944.4873,4,0
297768.4233,2,1
202792.0195,3,0
257820.883,3,0
719331.4896,4,1
526756.9959,4,1
216374.8129,3,1
730786.3043,3,0
355873.0695,2,1
274638.1222,3,0
354991.1055,2,1
197318.2591,4,0
216506.6648,2,0
108490.1181,1,0
429260.2981,3,0
203231.4107,2,0
312197.9063,3,1
259399.4509,3,0
354020.6613,3,0
670334.3299,5,1
396913.3339,2,1
204063.8821,2,0
283619.0625,3,1
374408.3745,2,0
295860.5658,3,1
451762.9087,2,1
136734.5207,3,0
179621.2942,2,0
104494.0941,3,0
232734.2708,3,0
439069.212,5,1
382919.7319,3,1
354630.7593,5,0
489571.0562,4,1
107724.4395,2,0
513827.4323,3,0
291908.329,4,1
373249.1694,4,1
149113.8024,3,1
107628.6258,2,0
415698.1237,4,1
118774.584,1,0
359293.2998,4,1
176525.3283,3,1
544101.1038,4,1
333010.0784,4,1
533299.9959,3,1
343397.9756,4,0
713551.7912,5,1
152093.8417,1,0
167086.2464,2,0
179713.0449,3,0
447821.6703,3,1
399822.7895,5,1
161195.7912,3,0
165341.6144,3,0
417207.8893,1,1
317332.7509,3,1
232133.557,2,0
1024519.119,5,0
342368.1851,4,1
176492.6957,2,0
838769.975,6,1
310573.1299,4,1
137956.9998,1,0
622546.9995,4,0
479896.9346,4,0
113517.1348,2,0
605073.6116,4,1
115818.4461,2,0
113742.3577,3,0
105789.8119,2,1
333409.777,5,0
229083.7701,3,0
427537.2168,5,1
331872.4272,4,1
170712.7342,3,0
462670.0166,4,0
406174.3374,2,1
476783.0867,4,1
168745.4268,2,0
443878.1302,4,1
254754.2361,2,0
129329.3717,3,0
275672.8901,2,0
235371.6686,3,0
356303.0078,2,1
397944.8863,4,1
448149.3355,4,1
704374.5511,5,1
307165.0681,3,1
773888.7987,5,1
183257.9263,3,0
165001.8779,1,0
234719.5722,2,0
151390.0694,3,0
481282.1057,3,1
124209.0541,2,0
442991.002,4,1
242998.1077,1,0
294738.4393,3,1
272679.2009,2,0
103129.133,3,1
232290.5139,5,0
266670.5158,4,0
185241.968,3,0
255114.2111,3,1
180984.9615,2,0
205364.9148,2,0
856276.5702,4,1
584773.6586,4,1
543530.4933,3,1
108074.4061,2,0
402303.617,3,0
451813.1003,4,1
324412.5087,2,1
478875.1957,4,1
527791.5519,4,1
371188.7216,3,1
324159.0214,3,1
111989.9103,1,0
571149.0188,3,1
610644.4847,4,1
254564.3918,3,0
118420.3323,3,0
295324.819,2,1
329886.498,2,1
299926.3906,3,1
299616.9397,3,1
343455.0967,2,0
334874.4242,2,1
126313.9809,2,0
462043.3268,3,1
448351.6474,3,1
547107.722,3,1
126155.5558,3,0
303146.052,3,1
114541.7742,3,0
138420.4848,2,0
157692.2378,2,0
217917.5136,3,0
138761.6006,3,0
356639.1253,5,1
255488.3252,3,1
739123.5425,3,1
439717.8031,3,1
254732.3594,4,0
136314.9004,2,0
168159.7604,4,0
149706.996,2,0
483124.0778,5,1
317826.7291,5,1
491887.0762,5,1
491132.4585,4,1
365094.6323,2,1
488567.3674,5,1
234631.3808,3,0
154400.7525,3,0
269865.6223,4,1
222065.2125,3,0
519811.7034,2,1
579176.5925,3,1
217357.924,3,1
235650.2469,4,0
345892.9122,3,1
436711.6125,4,1
396428.1539,4,0
197581.5547,3,0
362063.8721,5,1
418226.226,5,1
226658.9276,3,0
294283.1239,3,1
226528.3599,4,0
221653.0451,3,0
121928.5813,2,0
145855.3631,3,0
342147.8498,3,1
572012.3294,4,0
269943.1539,3,0
219969.8851,2,0
369969.2973,2,1
332145.3784,4,1
109888.7624,3,0
297256.5871,3,1
180913.36,2,0
192507.0224,2,0
137536.1443,3,0
464838.8622,5,1
611786.1264,3,1
439067.9892,2,1
307908.9626,3,1
324624.6879,3,1
404300.6422,4,1
523957.4089,5,1
169402.8034,2,0
672571.3857,5,1
135635.1167,3,0
482017.4676,5,0
208302.3543,3,0
311283.1048,3,1
474262.431,4,1
469792.0289,3,1
439281.9156,2,1
377809.1796,4,1
655183.3652,4,1
237511.6102,3,0
391146.0655,4,1
446113.4462,4,1
281655.736,4,1
652006.0813,5,1
169471.5239,3,0
163370.4662,4,0
208876.8089,3,0
213919.6444,3,0
211150.8233,1,0
134397.8758,3,0
411131.67,4,1
314862.9031,4,1
628152.6935,5,1
296999.248,3,1
561175.1138,3,1
131578.2299,2,1
368325.8931,2,1
362656.4323,4,1
290095.1722,2,1
754848.4025,4,1
115209.9412,1,0
166306.0265,2,0
489752.3503,3,1
432899.8862,3,1
191458.4188,4,0
182376.0913,2,0
359154.4452,2,1
229985.76,4,0
238678.8672,3,1
445125.9499,3,1
258536.9667,3,0
384097.6603,3,1
108684.8082,3,0
314431.4141,2,1
326446.5612,3,1
592878.0164,4,1
134257.9645,3,0
119850.694,2,0
612273.691,3,1
188284.0518,2,0
139547.3221,2,0
307325.5166,4,1
448803.6599,3,1
275558.7316,3,0
283872.353,2,1
792902.0333,3,1
124464.1959,2,0
232474.8527,3,0
111564.0417,4,0
360685.8504,3,1
221064.633,2,1
223986.7535,2,0
140764.7725,2,0
334089.7381,4,1
202492.5214,3,0
316805.749,3,1
119164.7362,3,0
368225.0555,2,1
105336.1581,3,0
308517.5187,2,1
207001.6902,3,0
215523.7457,4,0
184107.5474,2,0
557539.1088,5,1
338433.3133,3,1
143168.2995,2,0
249169.7703,2,0
163022.5614,2,0
131853.8666,2,0
338485.1269,2,1
356754.0484,2,1
95153.23721,2,0
333044.5036,3,1
294473.2071,4,1
414809.4504,2,1
102361.1318,2,0
288106.0885,2,1
385022.8356,3,1
218450.2049,2,0
217689.4574,1,0
420809.5649,4,1
192581.5685,2,0
180672.84,1,0
151369.7369,3,0
653440.5314,5,1
244050.2982,3,0
207894.5331,3,0
229454.0694,2,0
461043.3516,4,1
270178.5985,3,0
110274.9103,2,0
218414.7041,2,0
183678.3238,3,0
232875.4715,3,0
354230.9295,3,1
214175.3206,3,0
297423.1277,3,1
530254.5409,5,1
410194.7332,3,1
144485.8132,2,0
138310.3571,2,0
305092.5135,4,1
432917.1193,4,1
357762.5729,4,0
284402.3429,2,1
197307.6923,3,1
475681.4227,5,1
401002.3532,4,1
431435.5791,4,1
334194.8309,3,1
271846.2022,3,0
330865.3714,3,1
91512.09051,3,0
486068.0823,6,0
281753.5547,4,0
197046.1664,2,0
293998.622,4,1
898733.2881,5,1
206992.6136,2,0
190732.4501,2,0
243122.8524,3,0
417647.5648,4,1
336680.312,3,1
286606.7534,3,1
237962.8901,1,0
416588.5502,3,1
359337.9394,4,1
312625.3158,3,1
475264.6945,4,1
266182.0228,3,0
116537.0207,1,0
248909.1914,2,0
540968.028,4,0
481998.8766,1,1
205821.4283,2,1
469204.7181,3,1
332227.9805,4,1
411915.1851,4,1
250971.3034,3,0
158157.9756,2,0
356969.6722,2,1
299649.7369,2,1
255614.8992,4,0
483538.6537,4,1
678856.1535,4,1
156162.9293,2,0
268522.6089,4,0
395108.6609,1,1
313336.7835,3,1
380664.6365,4,1
197164.2005,4,0
466152.7444,3,1
118318.5553,3,0
293738.7038,4,1
235053.9275,3,0
260262.293,2,0
309973.0901,3,1
467528.3796,4,0
164865.8263,4,0
590336.7802,4,1
439672.1542,3,1
489941.7627,3,1
262495.0027,1,0
251668.5837,1,0
655655.4963,4,1
202699.6241,3,0
168141.7004,3,0
218338.9366,3,0
314184.2177,3,1
548708.0646,5,1
336400.2977,4,1
637118.2194,3,0
830298.342,5,1
386724.8723,2,1
401983.7276,3,1
167842.3834,2,1
105659.5162,1,1
409191.0991,3,1
317686.7158,3,1
356729.1921,4,1
168440.38,1,1
98485.69882,2,0
265594.885,3,0
197659.0477,2,0
95078.5366,3,1
281220.2829,2,1
231996.9865,3,0
279742.0998,3,0
146971.1482,4,0
620383.6814,4,1
199859.2865,2,0
398883.5375,3,1
257554.7764,3,0
220321.5049,3,0
449684.8712,2,1
397803.9845,4,1
536763.4995,4,1
138503.6879,4,0
383724.1186,3,1
247749.1269,4,0
240418.5569,3,0
317966.9791,4,1
340473.0578,4,1
391602.5135,3,1
476443.3303,2,1
178033.013,4,0
365462.756,5,1
409934.7182,3,1
106487.3614,2,0
376348.1229,2,1
220243.667,1,0
233860.5597,3,0
176531.527,2,0
415701.1553,3,1
832364.5386,3,1
459692.6221,4,1
239719.168,3,0
250070.1344,2,0
452040.361,3,1
347975.5257,5,1
291636.1534,2,1
177099.3657,2,0
210373.8428,4,0
259052.416,1,0
123457.3985,2,0
251924.3703,1,0
96794.62338,2,0
648983.5545,3,1
172212.6478,1,0
274760.2602,3,0
224962.3678,4,0
111084.7262,2,0
214522.3518,4,0
197631.161,2,0
308470.7357,5,1
171908.0275,3,0
178681.0914,2,0
117951.9489,1,0
342470.7477,4,1
669899.8306,3,1
171463.446,3,0
451307.7722,3,1
1021383.138,5,1
240209.1375,3,0
286069.083,3,1
290976.1554,2,0
226378.703,1,0
467780.1173,5,1
104494.1398,3,1
242583.861,2,0
175214.5163,2,0
316635.7496,5,0
173399.3359,3,0
117301.2525,3,0
349936.8147,5,1
530298.4977,4,1
212457.828,3,0
223063.3335,3,1
301411.1411,3,0
212750.9135,3,0
109291.8156,2,0
494924.5852,3,1
342589.5947,3,1
150525.8601,4,0
256951.6967,3,0
520032.12,4,1
192521.6106,1,0
533735.283,3,0
328886.6243,3,1
234615.5798,3,0
551271.1624,4,1
490827.0104,2,1
411731.8548,3,1
550774.8003,4,1
316604.0103,3,1
467118.2498,2,1
340834.0191,4,1
206292.4974,3,0
726744.0329,5,1
347447.5701,1,1
215208.6958,3,0
186211.2944,3,0
268163.8259,3,0
292423.6433,4,1
160234.8661,3,0
387338.4613,2,1
319925.1832,2,1
328246.596,3,1
263012.9653,3,0
481343.2377,4,1
337965.0351,5,1
643258.8816,3,1
244632.1739,3,0
287497.9485,3,1
364721.6372,3,1
211064.3934,4,0
137458.5869,3,0
206088.2827,4,0
361972.9183,4,1
279416.6081,4,0
407186.8924,3,1
412373.3986,2,1
737642.2279,4,1
217570.6037,3,0
570597.1907,3,0
297752.7272,2,1
213944.3293,2,0
138488.8491,3,0
507210.8837,5,1
119443.0763,2,0
482633.7756,3,1
347294.6279,2,1
596493.3763,3,1
131576.8368,2,0
204452.9966,2,0
115173.7373,3,0
381488.4294,4,1
170795.5101,4,0
265321.4022,3,0
396806.8532,3,1
221437.2518,3,0
289809.1616,3,1
486956.4901,2,1
198667.8465,3,0
468264.3781,6,1
270524.0295,2,0
321391.2068,4,1
609318.9799,4,1
454508.5205,3,1
238164.0926,2,0
166979.9417,3,0
447702.5196,2,1
339933.3714,2,1
238883.7761,1,0
580161.3982,3,0
280964.1246,4,0
267189.6762,2,0
128597.2572,3,0
375822.6095,3,1
734718.2092,5,1
177565.4235,2,0
458236.3894,4,1
146907.4989,2,0
173956.117,3,0
193380.8159,2,0
163561.6621,2,0
500296.9494,4,1
239730.0695,3,0
457222.6993,4,1
287015.2723,2,1
585482.7727,4,1
343701.8081,3,1
191467.3252,4,1
99606.59665,2,0
428629.7674,3,1
435573.3916,2,1
442287.2356,4,1
454502.9972,4,1
408496.2329,4,1
190524.11,2,0
251081.8918,4,0
522258.1523,4,1
267385.6889,3,1
381476.7155,5,0
254588.0358,3,1
491609.262,3,1
281771.1895,3,1
212778.75,2,0
402903.701,3,1
640803.1033,4,1
110357.4044,2,0
262996.8434,2,0
212264.3216,3,0
348766.8704,3,1
245033.0932,3,0
291864.0579,2,1
156066.8081,3,0
317391.1596,3,1
255381.687,3,0
677502.42,3,1
280959.6153,2,0
370193.4112,3,1
255525.2587,3,0
184014.233,2,0
419409.281,3,0
571365.9853,4,0
173014.2408,2,0
277525.919,2,0
339707.7197,2,1
227731.0587,3,0
263032.174,2,0
300545.6297,2,1
382450.2242,5,1
261979.9442,3,0
285859.5581,2,1
182601.1792,3,0
186732.3028,4,0
530379.033,4,0
332210.8691,4,1
136195.1048,3,0
407233.324,4,1
126350.2557,2,0
488847.3307,4,1
241383.5785,4,0
99936.5567,3,0
312273.7125,5,1
181429.723,4,0
342213.898,2,1
289920.2097,3,1
379183.5131,3,1
482617.6292,4,1
176290.8751,2,0
160035.8175,1,0
209297.3314,3,0
373959.1605,3,0
417832.9095,4,1
303131.7829,3,1
518283.6632,5,1
196530.6017,1,0
148202.4455,2,0
229348.9249,2,0
392054.2836,4,1
176391.7665,2,0
243330.2826,4,0
495124.7829,2,1
146256.3008,1,1
241788.0642,4,0
322815.7941,3,1
402125.0531,3,1
278796.2627,4,0
648483.851,4,1
431617.4945,3,0
682259.8491,5,1
304336.8266,3,0
253480.6175,2,0
344318.0144,3,1
369014.675,3,1
374546.7069,4,1
334482.7915,3,1
328549.876,4,1
465682.7256,3,1
131801.5547,1,1
171058.31,2,0
173633.0734,4,1
378964.0034,2,1
453458.35,1,1
400419.9643,3,1
526160.6607,3,1
360219.5148,4,1
294272.5689,4,1
517017.3736,3,1
95433.65204,4,0
253190.5315,4,0
280736.3999,5,1
314442.0345,2,1
437663.5699,4,1
485272.1414,5,1
407645.5491,3,1
534702.9622,4,1
198687.8753,3,0
434388.6594,3,1
431823.3071,3,1
205001.7894,2,0
205791.8109,2,0
371156.6215,2,1
426660.6039,5,1
218798.9246,3,0
288091.6363,2,1
204872.0204,2,0
657127.9763,5,1
200723.3825,3,0
348528.6559,4,1
430986.6528,3,0
132716.068,3,0
185130.3115,4,1
220975.2677,4,0
163050.2762,2,0
186999.0163,3,0
525904.4053,5,1
355199.2606,3,1
143656.816,3,0
263709.1885,3,0
214391.3055,3,1
191026.5823,4,0
495641.0722,2,1
526297.9108,4,1
153280.776,1,0
494321.5561,3,1
227381.0904,4,1
189641.8097,2,0
161515.2686,4,1
247243.8197,3,0
600382.1171,3,1
151697.7123,2,1
232339.2558,3,0
228188.9861,3,0
435343.9722,2,1
112603.21,2,1
265497.8918,1,0
619118.0958,5,1
484760.7987,4,1
177463.4998,3,0
194015.63,2,0
158445.3716,3,0
269629.0388,3,0
525938.1543,4,1
126925.7731,5,0
105192.0811,2,0
608734.7679,5,1
304735.3154,3,1
300761.3612,4,1
353152.4661,3,1
198495.9734,1,0
161003.0709,2,0
376548.3196,3,1
155927.1016,3,0
217705.6329,3,0
221361.2166,2,0
504143.4412,2,0
397818.3873,4,1
419687.7832,3,1
184673.4119,3,0
598525.1942,4,0
169087.4955,4,0
173075.952,2,0
216188.775,2,0
254403.7403,3,1
336339.7509,3,1
414412.5618,4,1
157820.79,2,0
155738.7254,4,0
502763.8162,5,1
255664.0662,1,0
313708.945,4,1
723129.0195,4,1
425611.6652,3,1
190459.3301,1,0
703023.0198,4,1
373244.7733,3,1
200241.5569,3,0
115497.4784,1,0
396197.2993,4,1
327234.425,3,1
120333.7165,2,0
405318.1143,4,1
494961.776,5,1
321483.2509,2,1
307637.3231,2,1
242853.308,2,0
123982.6111,1,0
435836.4462,5,1
374614.6022,3,1
373283.2345,3,1
451607.1293,4,1
124213.8928,1,0
417684.3441,4,1
298794.561,5,1
560068.1806,4,1
340917.3854,2,0
342763.2987,4,1
523778.007,5,1
155752.5599,2,0
486352.0095,4,1
250923.2967,3,0
667923.2014,6,1
475596.2442,4,1
419842.9604,3,1
150163.8716,2,0
157124.4944,2,0
197612.8364,3,0
409646.4482,2,1
148770.5336,4,0
213261.663,1,0
216433.4357,4,0
212162.2289,3,0
201706.6066,2,0
261627.3172,2,0
377300.6063,3,1
211992.4724,1,0
264839.3572,2,0
489802.9489,3,1
315149.8746,3,1
213942.7096,4,0
258971.5503,2,0
326000.9774,2,1
312373.5076,3,1
404266.6567,4,1
200522.0759,2,0
146466.797,2,0
316356.8508,4,1
614452.2313,4,1
109675.7564,2,0
188197.7996,4,1
177950.6854,2,0
267719.6513,2,0
313537.9701,3,1
364494.1333,4,1
231084.943,4,0
645447.0741,2,1
429335.8056,4,1
305869.2898,4,1
271978.4914,2,0
239669.8073,3,1
123193.9487,2,0
152463.6497,4,1
316639.2276,3,1
238850.653,5,0
237290.0276,3,0
314516.4965,2,0
139434.7349,1,1
208095.515,2,1
390564.6804,2,1
136573.2213,2,0
626404.882,4,1
350775.5173,4,1
244689.5845,4,0
240373.1799,4,0
387250.9039,4,1
129689.9637,2,1
293707.9213,4,1
368139.5903,4,1
179974.6589,2,0
259050.8582,4,0
326597.9895,3,0
175103.9545,4,0
533177.8282,3,1
316008.5649,3,1
288943.0812,3,1
151346.0076,2,0
189832.326,2,0
165314.1196,4,0
568686.5643,3,1
211134.6658,2,0
212058.1,3,0
366239.7416,3,1
228390.5602,3,0
456091.1396,5,1
300847.7556,3,1
160527.0884,2,0
233758.1789,3,0
620761.0913,5,1
417029.354,3,1
583594.3052,3,0
206009.2135,3,0
133702.1794,2,0
212495.787,3,0
221981.4242,3,0
474034.7618,4,1
192633.9577,2,0
427431.2759,3,1
261047.3999,4,0
296217.7279,4,1
129388.4959,2,0
409878.8723,3,1
495929.0495,5,1
147745.9663,3,0
219864.9676,2,0
475695.0762,4,1
316529.5757,3,0
423017.0623,3,1
297105.0299,2,1
349472.4024,3,1
238200.4947,4,0
792610.5784,4,1
344047.9713,2,1
211818.7781,3,0
285620.1963,4,1
210535.6385,3,1
254107.183,2,0
272714.9805,3,0
398329.3149,3,1
245087.8371,2,0
170927.4512,3,0
237038.4748,2,0
461624.9916,5,1
224554.9565,3,0
140612.4978,2,0
122369.3828,3,0
122942.4841,1,0
569970.3125,5,1
150732.3466,1,0
316067.8247,4,1
261671.7439,1,0
133318.193,1,0
138399.473,3,0
237929.7921,3,1
315406.2612,2,1
392453.3512,4,1
114903.9616,2,0
237640.116,3,0
182011.2419,4,0
470823.9488,4,1
202885.8129,3,0
111416.3788,3,0
208725.8216,2,0
314236.1486,4,1
284879.1228,3,1
233957.5616,3,0
383769.6262,3,1
272141.8741,3,0
434302.9891,3,1
514905.4143,4,0
235906.2019,3,0
690817.5719,4,1
162023.5571,2,0
538399.5854,5,1
254576.9433,4,0
397727.5906,4,1
291232.6503,3,1
125222.8788,1,0
166647.5865,3,0
156166.44,2,0
210119.1061,3,0
241756.4496,2,0
309935.7079,3,1
218627.8816,3,0
143641.9416,2,0
286044.0372,2,1
104023.8176,3,0
339797.2043,2,1
200364.2045,4,0
169634.2876,2,0
352065.9162,3,1
886794.5153,4,1
216799.6083,3,0
315392.5697,5,1
186050.0754,3,0
351693.9419,2,1
443988.6118,2,1
617207.559,4,0
149241.5454,1,0
269009.5188,3,0
333735.1911,4,1
427831.505,5,1
245490.2744,2,0
608847.1727,3,1
286517.6173,2,1
593545.3229,4,1
295655.806,2,1
301531.291,3,1
210741.0948,5,0
347354.1662,4,1
278669.5552,3,0
477165.3027,4,1
232895.9821,1,0
286157.5785,2,1
281207.9236,4,1
353661.9706,5,1
381979.7939,1,1
471910.8547,2,1
219383.0633,4,1
383782.12,3,1
208066.991,3,0
361524.6245,3,1
659953.378,4,0
224359.4159,3,0
332770.3718,2,1
482770.4988,4,1
216370.6087,3,0
418251.3239,3,1
254496.9435,3,0
115019.541,2,0
100174.4082,1,0
347081.426,3,0
525363.0919,5,1
646044.7923,3,1
387011.2144,2,1
240366.07,1,0
501007.4446,3,1
281735.2741,3,1
136459.9782,3,0
620090.1414,3,1
273118.2426,3,0
153088.6481,2,0
466284.5385,4,0
347521.6518,3,1
97658.68326,2,1
450177.8117,3,1
107024.1718,2,0
310568.5287,3,1
231360.7667,3,1
387343.3414,3,1
381358.9809,4,1
143398.796,2,0
474627.2892,4,1
461259.7733,3,1
448211.1312,4,1
92938.70913,1,0
424157.0636,4,1
422702.956,2,1
153917.287,2,0
453381.6964,3,1
468387.3522,3,1
562257.4662,5,0
93232.90803,1,0
224747.4841,3,1
213545.5455,1,0
257575.6003,3,0
374394.5975,2,1
348708.1724,3,1
448917.0742,4,0
365297.3814,2,1
152757.5791,3,0
275840.3174,3,0
484933.0256,3,1
370321.2777,3,1
292786.7026,4,1
228894.6688,2,0
353073.7393,3,1
267446.7827,4,0
370271.3157,1,1
104158.8928,3,0
447877.4851,1,1
129900.059,2,0
340568.4586,3,1
450120.2274,1,1
114429.4825,3,0
104513.2586,2,0
324845.1451,3,1
117006.0878,2,1
381307.9566,4,1
115916.9002,1,1
242997.8024,4,0
395737.0034,2,1
441519.1742,4,1
310836.675,4,1
290953.5195,3,1
210357.1794,1,0
249026.8006,2,0
529933.9121,3,1
485007.0675,2,1
308251.633,3,1
562999.5872,5,1
340631.8618,4,1
523767.7046,4,1
126907.9817,2,0
146561.8749,2,0
343291.7696,4,0
290997.8478,2,1
380932.1843,2,1
242757.0393,4,0
509827.0368,5,1
472529.7265,3,1
274502.3597,3,1
132388.1021,2,0
404306.4957,4,1
329247.9503,3,1
334222.911,3,1
339524.9233,3,1
585368.7054,4,1
502126.3337,4,1
246889.3273,4,0
240660.9713,3,0
284932.3879,3,1
125238.514,3,0
214698.3418,4,0
382323.3238,3,1
553529.407,2,0
586566.5032,4,1
538563.3249,3,1
123248.2187,3,0
146166.2415,2,0
251505.5591,3,0
368115.7688,3,1
240192.4531,3,0
342235.6781,2,0
310011.5463,3,1
438073.2503,4,1
250129.0723,3,0
134947.6784,1,0
124403.889,2,0
440072.279,3,1
258582.6683,3,0
252517.6259,3,0
258512.2302,3,0
498653.2234,2,1
329619.015,3,0
279867.7461,3,1
323164.5796,2,1
403830.6891,2,1
215155.1638,2,0
261183.9614,4,0
227842.6556,3,0
197999.7267,2,0
176935.0647,2,0
108440.3348,2,0
299913.9487,4,1
249306.0817,4,0
250513.3016,4,0
762115.1725,4,1
329381.0779,2,1
200388.3774,3,0
409778.0401,4,1
413974.069,4,1
103526.004,3,0
257858.5181,2,0
232581.0797,2,0
190445.474,4,0
319907.6503,4,1
265244.4909,2,0
186239.1336,2,0
401616.0384,4,0
550806.2523,4,1
575483.7131,4,1
190496.3225,3,0
325511.0531,3,1
538782.9954,4,1
249095.1846,3,1
172778.1646,1,0
340874.8921,4,1
273342.7544,3,0
204548.7601,1,0
384459.5762,2,1
330214.4503,3,1
516493.2791,2,1
431148.7435,4,1
430033.2976,2,1
757606.1064,5,1
239682.4448,2,0
136788.5121,3,0
98929.34482,2,0
182808.4471,3,1
127334.7909,3,0
353948.1172,3,1
247148.1142,3,0
106924.3224,2,1
416945.0408,3,1
283082.2691,3,1
358917.8559,2,1
405354.2239,3,1
286151.1759,4,1
131566.7884,1,0
517182.0461,5,1
480393.3519,4,1
513018.4992,3,0
515607.6582,5,1
176927.042,4,0
358663.64,3,1
706219.0713,4,1
792894.9964,4,1
268209.7012,4,1
218544.7836,3,0
168317.69,2,0
267861.9687,6,0
507060.376,2,1
228252.0107,3,0
417763.8683,5,0
383041.2467,3,1
112542.6906,2,0
568980.2354,4,1
389326.1707,2,1
264831.5196,2,0
270249.3015,4,0
136396.0182,3,0
503860.9955,5,1
518778.2562,4,0
120926.3367,1,0
181831.7142,2,0
93305.58428,1,0
343331.3822,4,1
146723.0108,2,0
330790.1596,2,1
156967.4791,2,0
498276.9679,5,1
542380.0601,2,1
378672.5579,3,1
103964.3977,4,0
161625.0268,2,0
334002.7703,3,1
305688.4008,3,1
387905.4289,3,1
167472.0815,3,0
298909.3055,4,0
321947.5436,4,1
542981.5677,4,1
535154.4711,3,1
546651.7415,3,1
222960.7761,4,0
357079.6137,4,1
365333.5173,4,1
347310.3844,3,0
327888.4721,4,1
883958.615,4,1
191506.719,3,0
325744.8575,3,1
419930.8983,3,1
269009.2878,4,0
419274.0225,3,1
106297.8135,1,0
273234.9181,3,0
212650.92,2,0
265790.3215,5,0
518750.5255,3,1
384430.795,3,1
492276.2695,3,1
539096.1489,4,1
246079.8052,1,0
301378.5948,2,1
301380.6057,4,1
508327.047,4,1
295526.5491,2,1
371386.4164,3,1
262908.9842,4,0
187483.5506,3,0
286754.0923,4,1
111636.4294,2,1
191821.5281,1,0
196597.1681,3,0
320930.4065,3,1
481706.3547,3,1
560996.5578,3,1
381219.9857,4,1
233257.5243,3,0
499059.3625,3,1
356287.0826,3,1
228448.203,3,0
254961.9937,3,0
583770.1028,4,1
572351.0022,5,1
189805.7933,3,0
243453.1123,3,0
574331.2741,3,0
327234.4101,3,1
179351.7761,3,0
136659.4539,3,0
622140.9135,4,1
519792.0075,2,1
192613.5071,2,0
503886.0701,3,1
379823.6921,2,1
204157.2991,4,0
191119.5959,3,0
118272.4447,1,0
266981.4133,3,0
498000.8251,3,1
474375.6673,4,1
273656.1229,4,1
470067.4985,4,1
102367.7436,3,0
499211.8898,2,1
356002.4758,2,1
522910.3839,4,1
162292.7792,2,0
284968.1098,2,1
274730.4351,3,0
219396.4462,2,0
260091.1449,1,0
346110.3843,4,1
139974.2133,2,0
185140.7666,3,0
350600.5119,4,1
289564.8079,2,1
251560.2403,3,0
357035.4249,2,1
478614.6645,4,1
218691.7563,3,0
267725.9216,2,0
406482.6391,4,0
257001.1014,4,0
255783.5227,3,0
377279.207,3,1
217365.301,4,0
173949.9365,2,0
450940.4019,3,1
178030.8073,3,0
746628.1996,3,1
566129.1395,4,1
443389.278,3,1
228166.625,4,0
148678.0634,3,0
182149.6268,2,0
257960.063,2,0
168283.7713,2,0
322453.786,5,1
384186.1217,5,1
126288.3214,4,0
400168.3896,4,1
313587.7653,2,1
363913.0036,3,1
371438.5382,4,1
361201.223,3,0
169656.4261,1,0
159265.5551,3,0
122939.5759,2,1
518253.3659,4,1
272607.5873,5,0
159738.251,3,0
197259.9378,4,1
234473.6827,2,0
491275.8051,5,1
241167.3799,3,1
213808.0303,3,0
380442.7325,4,1
288566.7654,1,1
256411.2358,1,0
197207.6826,4,0
196579.568,4,0
488512.0736,4,1
347978.7027,2,1
135379.6073,3,0
426579.6287,5,1
200664.6325,2,0
342150.0252,3,1
354867.3422,2,1
397345.969,2,1
222967.9606,4,0
327067.025,4,0
460665.7046,4,1
248945.8748,3,1
374446.7031,3,1
367534.6529,4,1
360765.3965,3,1
154037.7848,2,0
148845.0637,2,0
313625.2758,3,1
559482.5761,4,1
396881.8974,1,1
146485.2203,3,1
137586.1798,3,0
248034.4002,5,0
192947.1811,4,0
232159.3765,1,0
236439.5814,4,0
705950.4528,5,1
184681.2764,2,0
131244.7598,1,0
185061.8277,2,0
255647.7753,1,0
115180.227,2,0
309291.2277,2,1
265452.2969,2,0
524952.7752,4,0
262278.879,4,0
214955.9156,4,1
229550.2489,4,0
218545.0964,3,0
352120.6362,3,1
144233.9454,2,0
409285.3193,5,1
260559.2202,2,0
145641.8528,4,0
260667.3151,2,0
152661.8792,3,0
89280.52796,2,1
409661.7901,4,1
250347.5042,4,0
314192.7979,3,1
157945.5228,2,0
171418.7756,3,0
376670.0437,4,1
111832.2326,3,0
560479.0962,3,1
318960.2502,4,1
752492.1903,4,1
658491.9519,4,1
360582.6831,4,1
198442.2318,1,0
233290.3505,3,0
311410.7473,4,1
279107.4169,4,0
257617.8489,2,0
443320.3326,3,1
319462.0467,4,1
271855.1818,2,0
242256.6414,1,0
285629.8997,3,0
309108.6326,4,1
156383.6703,3,1
197044.3929,3,0
624102.7058,4,0
194173.556,4,0
487047.1794,4,1
125451.6749,1,0
349328.3292,3,1
254220.8671,3,0
394669.1087,3,1
484182.6847,2,1
429835.6126,5,1
239748.4523,3,0
301692.7603,4,1
187676.757,2,0
359093.1204,3,1
214739.3865,2,0
418571.6063,3,1
134686.002,1,0
253414.7142,3,1
351656.8786,3,1
371066.234,3,1
360551.2605,2,1
659535.8009,2,1
147211.5983,3,0
453273.4861,4,1
339157.0087,4,1
294669.8888,3,1
462143.3224,4,1
380313.1506,1,1
143482.3805,2,0
116027.4198,2,0
488247.7457,4,1
137343.7992,1,0
308897.155,3,1
232974.9339,2,0
707838.9867,5,0
202859.6837,4,0
216824.1826,3,1
231368.8227,1,0
248833.4473,3,1
468762.634,4,1
326653.7474,4,1
98837.63349,2,0
264098.3392,3,0
402029.5958,3,1
416237.8512,3,1
361101.5661,4,1
372977.0263,2,1
172624.5777,2,0
142179.8808,2,0
417501.9437,3,1
364695.618,3,1
378924.1605,3,1
361328.3334,2,0
243166.5359,2,0
241318.3675,1,0
214878.8232,1,0
142999.6151,3,0
653150.7907,4,1
255996.8651,2,0
225891.6674,3,1
259098.5476,3,0
431107.0448,3,1
189604.2308,2,0
762685.9792,4,1
257395.0336,3,0
487725.8608,3,1
129221.7779,1,0
114322.0427,3,0
116389.6093,2,0
129359.9835,3,0
220347.0714,2,0
292801.6032,2,1
215651.3935,1,0
367447.8639,2,0
168709.8999,3,0
237392.0616,5,1
397769.4092,4,1
115823.421,1,1
161135.2004,3,0
513316.0016,3,1
273513.7158,3,0
134910.6406,3,1
365858.4583,3,1
211272.5621,2,0
108928.2486,3,1
300214.8036,2,1
168251.1936,1,0
168746.1723,3,0
267584.1455,2,0
149941.6077,3,0
102686.4687,2,0
118968.894,4,0
283060.7469,3,1
387918.9435,4,0
170832.8612,1,0
175313.6982,2,1
223043.4874,3,1
99267.04837,2,0
292748.9219,3,0
268212.9448,5,1
220514.6841,2,1
287671.3808,5,1
313223.53,4,1
523320.7973,4,1
547065.5475,4,1
264221.5762,4,0
377664.7339,3,0
380038.2127,2,1
121280.246,3,0
144202.7392,3,0
259399.4915,4,0
675518.3312,4,1
372219.1404,2,1
183793.3108,2,0
409313.7256,3,1
443378.8118,4,1
145596.9618,3,0
302981.5026,4,1
482233.8104,3,0
315406.1737,2,1
102571.8795,2,0
373096.9624,3,1
477409.4396,4,1
264441.7319,4,0
105964.3135,2,0
333958.8451,3,1
153387.2665,3,0
380018.3714,4,1
229955.6612,3,0
269827.6245,3,0
559609.2095,2,1
552185.9948,3,1
163088.29,2,0
485993.7025,4,1
278722.1254,4,1
245986.2987,3,0
300755.5043,4,1
335231.6833,3,1
324096.027,2,0
544311.6782,4,0
566227.9255,4,1
206403.4237,3,0
291765.9698,3,1
371840.909,4,1
207625.2917,3,0
328992.1202,5,1
227283.5277,3,1
837806.1976,4,1
281812.0299,3,1
414459.5702,4,1
141570.5959,2,0
150194.7528,2,1
247780.4737,3,1
311117.3515,4,1
288012.2965,5,1
286637.342,3,1
236938.4329,2,0
354322.8696,2,1
242627.3715,3,0
197471.5405,1,1
357064.8566,1,0
287895.6731,4,1
379439.6595,4,0
421913.6325,2,1
116678.9211,2,0
206005.8,3,1
287057.4606,2,0
91917.87657,1,0
128433.5857,1,0
530368.3448,2,1
225046.1016,3,0
261380.4163,1,0
282668.3447,4,1
336337.8924,3,1
214548.5399,2,1
228370.9642,2,0
424124.6825,5,1
151942.4139,4,0
133338.4679,4,0
284543.7516,2,1
270014.2551,4,0
201087.8037,3,0
668647.8979,3,1
123699.6303,2,0
157955.0427,2,0
301226.0367,2,1
242020.756,2,0
305843.0619,4,1
299140.8378,3,1
245648.5235,2,0
292148.551,2,1
251908.1907,3,0
181478.3887,2,0
378609.6357,2,1
479518.6635,2,1
238860.0183,2,0
679963.9132,4,1
300378.5553,2,1
313587.0135,3,1
275140.2195,3,0
306098.6227,4,1
419226.7295,3,1
385895.941,4,1
157001.7057,3,0
312782.5083,2,1
182677.8882,3,0
469660.4152,2,1
337103.3805,3,1
331801.1473,4,1
435240.8127,3,1
278686.3938,3,0
153992.6998,3,0
173992.9114,2,0
203691.3864,2,0
202583.5174,4,1
571770.6133,3,1
166443.2347,3,1
287733.2059,3,1
225900.6467,3,0
337752.827,4,1
220535.3979,4,0
89910.43313,1,0
180759.8499,4,0
177240.2426,3,0
155639.2817,4,0
718874.5015,6,1
225568.9205,3,0
107623.8968,3,0
138736.0991,2,0
374504.0333,4,1
244113.9497,2,0
354911.9709,5,1
191733.7849,3,0
198609.3865,1,0
391586.6612,4,1
251783.8961,2,0
223236.2557,4,0
256531.8918,4,0
123962.704,1,0
203461.3509,2,0
292366.4056,2,1
131753.1986,1,0
493676.5673,4,0
261391.6292,2,0
155586.0947,2,0
294936.6514,2,1
225473.7252,3,0
316262.8685,4,1
173457.2007,3,1
273348.2032,3,0
303706.2523,4,1
240955.9111,3,0
152213.1533,1,0
209444.539,3,0
304127.0367,3,0
144701.5746,3,0
106382.0395,2,0
238872.9863,4,0
342611.5057,3,1
115585.1555,2,0
418385.4546,3,1
208962.346,2,0
190929.7288,3,1
280106.8147,2,1
452288.5216,5,1
406167.87,3,1
414789.0218,2,1
238694.5995,3,0
268779.6379,4,0
543120.4207,3,1
625386.2148,4,1
314209.3173,4,0
765283.641,4,1
154621.59,4,0
127557.7162,2,0
300868.3153,3,1
408845.8492,5,1
685483.3011,3,1
290794.3398,1,1
188491.6851,2,0
195802.9462,5,0
231570.9801,1,0
316909.5352,3,1
96972.44843,3,0
278155.1053,3,0
254658.8327,3,0
228863.4452,2,0
278658.9998,3,0
372049.4141,3,1
507981.2627,4,1
143531.0914,2,0
389129.4108,3,1
341871.6704,4,0
348803.1786,2,1
194022.0792,2,0
188917.0239,3,0
257055.2759,3,0
275038.5107,3,0
529431.1245,4,1
320519.9801,3,1
117803.0106,3,0
488214.642,2,1
483438.0362,4,1
99853.44799,1,0
127798.6831,4,0
257070.3771,4,0
375958.5058,2,1
156171.1634,3,0
268339.2621,3,0
177035.7517,3,0
312489.6979,3,1
161529.1313,3,0
378370.4141,3,1
286895.6791,4,1
298431.5825,4,1
354546.9918,3,1
387469.6642,3,1
483718.5452,3,1
317104.3559,3,1
130804.6513,3,1
323022.2186,3,1
264295.7018,3,0
332166.2074,3,1
289804.9546,4,1
373373.1474,3,0
267549.2592,4,0
269419.3537,3,0
547127.7194,4,1
154724.0955,3,0
419388.5804,5,1
172428.9174,2,0
304463.4501,3,1
221057.889,3,0
209866.2322,2,0
392213.2671,4,0
280770.2438,3,1
243173.1802,2,0
375839.3966,3,1
548095.1998,4,1
264529.5677,4,0
622313.4809,4,1
373332.3341,2,1
320724.4831,3,1
188120.709,3,1
157667.7423,2,1
443302.0701,4,1
553902.1136,5,1
134259.7363,3,0
272324.5752,2,0
313336.8343,2,1
247876.0339,3,0
148674.4693,2,0
528857.2625,4,1
210450.8806,3,0
317819.7604,3,1
283593.8331,4,1
223723.5155,2,0
197997.101,3,0
367969.6697,4,1
127824.311,3,0
317634.0889,4,1
470218.5031,3,1
168641.6817,1,0
245250.8451,1,0
208455.2275,2,0
264828.2519,3,0
254573.7199,1,0
479562.0248,3,1
175759.5376,2,0
493358.2648,4,1
306825.0784,3,1
158687.2579,2,0
408102.7685,3,1
170322.2309,3,1
114263.3668,3,0
231333.2593,3,0
154994.5258,2,0
96879.55619,2,1
876062.3682,5,1
376348.9809,2,1
134713.424,1,0
364366.9774,4,1
459577.1829,5,1
114473.6565,1,0
212861.6656,2,0
317480.6157,2,1
320741.123,3,1
638951.9941,4,0
410038.7161,2,1
276857.2141,3,0
372258.5187,3,1
232685.5868,4,0
560155.638,3,1
121815.294,3,0
99924.2893,2,0
111848.1471,3,0
192649.9063,3,1
237342.1587,3,0
254493.4606,5,0
191694.2262,3,0
176480.6397,1,0
321152.9688,4,1
283758.8869,3,1
320569.0269,3,1
448203.1313,4,0
143643.5966,2,0
402228.346,3,1
376167.3388,3,1
432138.2935,4,1
438422.9176,4,1
264350.6073,4,0
301583.5697,2,1
188004.8544,2,1
706274.9596,2,1
525491.7565,3,1
436641.5751,3,1
271197.4971,1,0
235139.5085,4,1
354930.9638,2,1
189416.9866,2,0
127143.9214,2,0
148416.2628,3,0
182665.8412,3,0
293437.225,5,1
251684.8424,2,0
497007.6325,5,1
355808.5467,4,1
319753.5556,3,1
284888.1118,4,1
267057.6411,3,0
359740.2841,3,1
255864.0649,3,1
140619.4594,1,0
165472.5762,3,0
349899.8075,4,1
204927.6177,2,0
288967.6594,3,1
299742.1106,3,1
322160.5006,4,1
387216.5626,4,1
245663.2987,4,0
100313.3241,2,0
201806.9634,4,0
259240.2072,4,0
266242.4441,4,0
448315.3875,3,1
136165.008,1,0
374053.7945,2,1
554080.7887,3,1
338734.8157,2,1
151152.5158,3,0
237834.0921,2,0
365937.7664,3,1
115439.3901,2,0
182803.6484,3,1
552095.1351,4,1
509360.4471,3,1
316637.9282,3,0
153736.6301,3,0
529606.7556,1,1
605439.5907,3,0
269777.4651,5,1
177184.5331,3,0
326155.2744,5,1
183150.1299,2,0
204589.0233,3,0
486979.2979,2,1
256469.5086,3,0
229853.3099,1,1
288844.2969,3,1
551832.3252,5,1
171317.9705,3,0
264419.6829,3,0
153457.8801,2,0
365678.5358,4,1
657864.6024,4,1
527658.2448,3,0
131050.8324,3,0
237871.3158,3,0
272035.8033,2,0
174931.3019,1,0
163712.9443,2,0
221072.3475,1,0
98659.48993,3,0
120515.0697,2,1
324596.3112,4,0
697476.7486,4,1
231303.0824,1,0
204763.8543,1,0
204414.5727,1,0
114167.367,1,0
504948.6069,4,1
212222.81,4,0
165044.0344,3,0
197659.791,3,0
404050.905,4,1
256587.6562,3,0
517953.9197,4,1
257144.2688,3,0
255620.1138,3,0
660109.3536,6,1
191532.491,2,0
532866.3387,6,1
246476.0065,3,0
601712.3569,4,1
102478.8996,2,0
235222.632,4,0
180323.8538,3,1
124802.108,1,0
362651.1463,4,1
359000.7922,3,1
367459.4312,5,1
261716.701,4,1
616482.7778,4,1
403663.3192,5,1
197945.8787,5,0
244475.5565,1,0
306055.4089,4,1
149578.8484,3,0
259723.8412,1,0
173010.9685,1,0
376148.7559,2,1
182179.1184,3,0
101913.16,1,0
377464.8036,3,1
103809.7946,2,0
402358.3158,3,0
98839.17831,2,0
336680.2021,5,1
209259.0513,3,0
322956.9633,4,1
494547.4668,4,1
540583.1263,4,1
299025.9899,1,1
558102.6445,4,1
163579.3966,2,0
248472.5921,5,0
214948.975,1,0
429178.0547,5,1
246305.3703,4,0
539724.7337,4,1
288971.0843,3,1
191146.8081,2,0
347849.6113,3,1
400585.8474,3,0
165098.0202,2,0
429941.2795,4,1
351121.5052,4,1
138631.8265,3,0
417295.1059,4,1
372908.5072,4,1
285174.082,4,1
171185.4905,2,0
445004.1482,3,1
290146.0416,4,1
179611.3894,3,0
252608.5174,3,0
215193.788,4,0
226005.4513,2,0
215794.7062,4,1
315305.8611,3,1
114373.1507,3,0
420101.7661,4,1
317470.2329,3,0
168627.5022,2,0
178338.1723,2,0
511443.7364,4,1
312812.2156,2,1
194319.3127,2,0
863863.8828,3,1
753468.7968,5,1
94483.75069,2,0
432760.687,3,1
410758.1669,2,0
353589.8626,3,1
98094.58782,4,0
268997.6092,3,1
241794.3257,2,1
614439.273,4,1
267223.3677,3,0
407908.1051,3,1
139012.3328,1,0
583243.3208,4,1
247865.2916,1,1
176736.1332,3,0
179443.4472,2,0
680561.3817,4,0
285544.6458,3,0
330746.0957,3,1
344017.9281,3,1
244951.2147,3,0
250913.9224,4,0
270841.8469,2,0
360685.9972,3,0
199959.6664,3,0
284069.3386,3,1
332259.4237,4,1
231129.7199,2,0
283015.6816,2,1
288071.6792,3,1
705360.8368,3,1
239369.4839,4,0
303353.3029,5,0
403545.9514,4,1
413664.9046,3,1
207425.5683,2,0
105922.2442,3,0
713417.5022,3,1
474321.3116,2,1
384455.619,3,1
310063.45,4,1
503936.996,4,1
332363.7699,3,0
410850.8706,2,1
332765.5843,2,1
172043.805,4,0
163835.2208,2,0
410941.3399,3,1
427661.1892,4,1
480474.4537,3,1
261593.4921,3,0
221955.555,3,0
691793.7395,5,1
205145.6821,3,0
645969.9208,4,1
406852.8596,6,1
360643.2227,4,1
242803.9532,4,0
444712.8941,2,0
202639.4567,3,0
499032.2694,4,1
255145.0835,3,0
472464.2443,4,1
262443.4691,2,0
464444.5259,5,1
329468.1081,3,1
217815.5226,2,0
157110.9364,3,0
374382.3752,3,0
385007.861,2,1
456955.7679,5,1
667022.0286,5,1
378654.5405,2,1
705372.4253,3,1
353743.8786,4,1
240893.2553,3,0
248189.6232,4,0
136933.4009,2,1
317260.1668,4,1
626772.5555,4,1
165611.8879,2,0
201150.2466,2,0
246222.2364,2,0
239449.537,3,0
281200.9996,3,1
317035.3403,4,1
131658.3237,1,0
129245.4714,3,0
262641.6608,3,0
524566.7559,4,1
392856.3145,3,1
633745.5071,4,1
110960.1235,1,0
288038.3703,3,1
525873.6076,3,1
134058.0544,2,0
333490.8425,5,1
210121.9913,4,0
142270.8916,3,0
100929.1341,2,0
139805.9189,1,0
326625.5843,4,1
518558.1266,3,1
256817.128,3,0
344194.0908,2,1
699531.7831,3,1
286553.1414,5,1
247195.713,4,0
400961.5153,4,1
119596.1584,4,0
494888.9838,3,1
196806.3385,4,0
335134.4955,3,1
347973.3019,2,1
299416.7236,2,1
390192.2257,3,1
361719.9913,3,1
135864.9437,2,0
192587.2338,3,0
327285.1714,2,1
198085.8702,2,0
143760.0597,2,0
239657.1267,5,0
236776.6567,2,0
703875.7556,4,1
920902.0168,5,1
474283.5348,4,1
252873.0692,2,0
573344.3516,2,1
521908.9706,4,1
271793.6411,3,0
504855.9148,3,1
437480.4485,4,1
332036.4027,1,1
276257.7839,3,1
316027.3456,4,1
182556.2508,3,0
565300.7513,3,1
166378.0222,3,0
210429.3823,3,0
563818.5624,3,1
373278.9981,2,0
251234.4296,5,0
239650.1284,3,0
179602.2797,2,0
270876.7096,2,0
182354.8625,4,0
246420.5807,3,0
96440.51245,1,0
193155.3973,2,0
221443.7773,2,0
170448.1784,2,0
338296.8778,3,1
111116.4823,3,0
310394.6298,3,1
274839.1916,3,0
249963.3173,3,1
144716.443,2,0
444298.2849,2,1
278877.4063,1,0
332640.5204,2,1
445395.1191,5,1
267076.1749,4,0
174828.6599,4,0
249085.6337,2,0
445814.9881,1,1
312287.0828,3,1
150632.6472,2,0
341991.3617,2,1
396163.9063,4,1
481834.7107,2,1
320741.1933,4,0
92650.1848,3,0
367913.2083,3,1
297585.6719,3,1
189580.6762,2,0
309066.6847,4,1
235370.7429,2,0
637302.6847,3,1
334305.8683,2,1
599447.9391,4,0
309724.8098,3,1
468984.6839,3,1
242000.4016,2,0
245653.9598,3,0
310531.4984,4,1
210127.892,3,0
275313.1724,4,0
219875.8803,2,0
379621.3228,3,0
469711.9726,5,1
197143.7222,3,0
104344.7093,3,0
114500.6397,2,0
434616.1834,4,1
262534.9921,3,0
106055.4741,2,0
451640.8314,4,1
547121.0113,5,1
113076.6212,2,0
279721.3529,3,1
459714.8161,4,0
293640.4683,2,0
224959.1089,3,0
323008.4069,4,1
131632.7524,1,0
511810.7553,2,1
367298.9169,2,1
541277.4834,4,1
530535.336,3,1
323162.2459,1,1
194267.5167,3,0
109516.2163,2,1
259348.0402,2,0
253572.0031,5,0
296158.0813,4,1
329136.4279,3,1
237219.5632,2,0
199128.6832,2,1
152559.657,4,0
311145.2758,4,1
399274.9224,3,1
100868.9766,2,0
349919.6373,5,1
259519.9201,3,0
248450.0784,3,0
216437.7761,3,0
450706.0897,4,1
348826.7801,2,1
285727.0871,4,1
142731.7022,3,1
417529.2981,4,0
124287.4584,1,0
147064.2281,2,1
199596.2137,2,0
426977.423,4,1
616869.4342,5,1
365728.1034,2,1
210604.1775,4,0
370017.5252,3,1
276203.1453,4,0
493506.0766,3,1
185795.1425,1,0
201344.7585,2,0
421053.4107,4,1
441010.8579,3,1
542237.5536,3,1
186449.6369,1,0
168620.4161,2,0
159697.2896,3,0
96581.15482,3,0
195739.1771,5,0
261467.4176,2,0
588288.5704,4,1
142777.9562,4,0
151626.2655,2,1
204444.2675,2,0
120950.5722,3,1
290680.7164,1,1
297187.7938,3,1
874387.1896,5,1
171882.397,4,0
302507.2463,2,1
145540.6955,3,0
440441.4913,3,1
357397.9156,2,1
198410.1318,3,0
119279.6245,3,0
438969.2377,3,1
363773.783,3,1
155597.2831,2,0
369780.1596,4,1
374775.5437,3,1
94313.99041,3,0
200578.5387,2,0
541159.5156,5,1
545431.7818,4,1
571349.124,5,1
435482.2208,5,0
306977.1266,3,1
450049.6827,5,1
502542.4192,3,1
489551.5899,3,1
106891.317,2,0
750242.8919,3,1
601020.8428,3,1
329824.8013,3,1
454143.3559,3,1
301303.5642,4,1
748786.0898,4,0
293910.6065,2,1
538065.9273,3,1
288481.2046,2,1
505852.6148,4,1
562524.6544,4,1
315163.4511,3,1
271635.8595,3,1
297276.8036,4,1
363405.0405,3,1
106891.5287,1,0
669952.9768,3,1
378806.9221,1,1
318042.4425,4,0
323380.2074,3,1
167279.1021,2,0
246561.5892,3,1
394620.5868,1,1
202869.0385,2,0
293775.3439,3,1
411081.4324,2,1
619336.2494,4,1
162064.0187,4,0
317119.174,3,1
108071.4045,2,0
256568.1022,3,0
152006.1057,4,0
234979.2686,3,0
258261.7063,2,0
160956.7799,4,0
361156.3934,2,1
223068.5627,3,1
254143.551,3,1
370472.503,4,1
502926.1317,3,1
224911.6551,2,0
98005.92278,3,0
356616.8564,2,1
329826.5374,3,0
395615.6045,3,1
200405.0955,2,0
105050.8383,2,0
149122.5341,2,0
434448.4595,1,1
245992.4681,1,0
339460.7397,2,1
167303.231,1,0
422554.5828,4,1
471552.2626,3,1
391309.264,3,1
203699.5856,4,0
253944.4545,4,0
150480.8039,2,0
201314.9426,2,1
243174.9977,2,0
286536.4983,3,1
195361.7896,2,0
414476.2629,4,1
106135.1287,1,1
225737.5059,3,0
256992.6982,2,0
185176.1107,4,0
122880.1573,3,0
312897.756,3,1
162537.203,3,0
431051.9091,3,1
288022.9267,3,1
268783.2257,2,0
288084.4238,4,1
333607.6898,4,1
165856.2941,3,1
154933.1427,1,1
248291.5764,4,1
575546.7533,4,1
264706.2813,2,0
207362.1647,2,1
410196.7071,2,1
530438.3597,5,1
209445.4725,4,0
122796.4118,3,0
316992.3677,2,1
340496.3677,5,1
215340.6198,2,0
339842.077,5,1
257701.0525,3,0
449273.8818,5,1
163683.9944,2,0
216085.2785,2,0
466005.3147,4,1
397168.0803,4,1
156485.1911,3,0
230016.2448,3,0
167114.0659,1,1
448083.1316,3,1
246595.8337,4,0
185133.6985,3,0
155815.2438,3,1
199506.893,3,0
208961.4829,3,0
227419.5738,3,0
149533.4247,4,0
208981.4525,2,0
167927.7775,2,0
146992.1027,3,0
98235.07669,2,0
291066.7383,3,1
381506.6625,4,1
351885.5657,4,1
762704.1818,5,1
109108.3763,3,0
265268.8963,2,0
365250.9789,3,0
407106.8769,3,1
224961.5539,2,0
168112.9189,2,1
476293.4389,3,0
211071.0095,2,0
475423.0378,4,1
446784.2967,3,1
157786.9365,2,0
383291.0398,4,1
482513.0285,4,1
147534.5009,2,0
196851.6501,3,0
215961.4266,4,0
140831.8237,1,0
247526.258,3,0
110779.6411,3,0
344987.0509,3,1
480231.0677,4,1
469779.5525,4,1
323473.5061,3,1
348646.5274,5,1
128435.0644,3,0
160967.1899,2,1
169757.4294,4,0
242858.6649,3,1
188684.9683,1,0
131183.6791,3,0
425369.7452,3,1
499696.5864,5,1
183190.785,2,0
198341.7797,3,0
195897.2397,1,0
331226.1443,3,1
117833.0743,2,0
558155.1768,5,1
115615.3203,1,1
373827.7512,3,1
301781.1467,3,1
294657.38,2,1
189728.5889,3,0
139677.7098,2,0
353954.5232,2,1
181925.901,1,0
309154.0514,3,1
92774.04799,3,0
374302.8931,4,1
562151.053,6,1
203289.7325,3,0
277242.4891,3,0
415416.769,4,1
354489.5646,3,1
339200.9901,2,1
410773.7438,2,1
247617.3432,4,0
201435.0774,3,0
562160.7089,4,1
108739.5259,1,0
421953.7341,2,1
197643.7107,3,0
233342.2854,3,0
454826.7298,3,1
587055.1488,4,1
119789.4769,4,0
342875.1627,3,0
132679.1883,2,0
107131.8222,2,0
165863.1355,2,0
495148.1821,4,1
319405.5711,5,1
250967.0996,2,0
117918.5277,3,0
243254.6491,3,0
266620.3033,3,0
450725.5037,3,1
260869.6178,4,0
507713.0163,5,1
182779.7308,3,0
321849.8444,4,1
133886.6698,1,0
527756.2985,2,1
136794.6888,4,0
184235.5417,3,0
167473.2486,4,0
303962.8866,3,1
666173.327,4,1
283570.2735,2,1
497737.6711,3,1
394038.3909,4,1
849297.2307,5,1
215501.7223,4,0
196091.6698,3,0
322009.8981,3,1
108849.7826,2,1
293299.7552,3,1
304756.3378,3,1
383349.313,3,1
318697.4162,3,1
113768.0565,3,0
199637.143,3,1
425810.8387,3,1
611446.3581,4,1
667307.0133,4,1
155604.02,3,0
306732.7233,2,0
175483.1363,2,0
257182.233,3,0
192498.1029,2,1
151361.7125,2,0
483683.052,5,1
440762.3342,3,1
176426.4574,4,0
224973.4118,2,0
340564.4614,3,1
144270.6511,3,0
273012.2059,5,0
625032.5031,2,1
208322.3964,2,0
136062.8211,3,0
110450.8527,3,0
345705.3279,4,1
125901.3577,4,0
151985.0457,1,0
338905.9794,2,1
343771.9532,3,1
174243.2503,2,0
338942.4888,4,1
209556.1828,2,0
138343.9413,2,0
288276.8444,3,1
172176.5119,1,0
286724.3972,4,1
217710.7415,3,1
218446.7975,1,0
485724.5886,3,1
194706.3253,3,1
131819.8828,4,0
477183.1747,3,1
484512.1588,3,1
96645.45592,2,1
242090.3177,2,0
459577.8498,5,1
191199.6967,3,1
417654.312,4,1
222777.0701,1,0
339258.4368,2,1
442788.154,5,1
254303.635,2,0
300052.9435,4,1
383024.0157,3,1
163298.013,2,0
666148.7699,4,1
183107.5642,2,0
251833.8761,3,0
355415.1088,4,1
142984.178,3,0
177443.8225,3,0
232294.47,2,0
278031.9432,2,0
290806.1083,2,1
451761.6713,5,1
273232.6509,1,0
288525.3515,3,1
134853.855,2,0
252379.5882,3,0
527805.1623,4,1
339013.2837,4,1
102297.5218,2,0
298444.3614,3,1
345118.1716,2,1
325649.7834,1,1
238884.6266,3,0
544527.3548,3,1
214462.382,4,0
298680.9437,3,1
442225.0674,3,1
127451.1909,1,0
244580.9873,3,1
174163.6594,3,0
439592.108,3,1
404176.0086,5,1
473247.4614,5,1
293386.9158,4,1
404832.6191,4,1
237318.6527,4,0
260509.4674,4,0
237627.2881,3,0
390638.4666,3,1
435506.5116,4,1
212345.6267,2,1
303351.4472,4,1
133676.534,2,0
127115.2583,4,0
105902.3322,3,0
206409.2786,4,0
419966.6879,3,1
261413.5934,2,0
499241.8291,4,1
324048.5151,4,0
122433.8106,2,0
279061.4155,3,1
370421.234,2,1
320559.6601,4,1
299949.6785,3,1
542943.1356,3,1
160605.5604,2,1
612887.7486,4,1
397948.0494,4,1
147113.2338,2,0
161039.2134,2,0
459853.5182,3,1
180340.2414,1,0
611952.6394,4,1
196839.3153,3,0
676723.7491,5,1
239641.2752,2,0
375354.3711,4,1
137651.9782,1,0
203760.4846,3,0
152297.6017,3,0
301642.0436,5,1
453631.532,3,1
333345.3744,4,1
483241.2513,3,1
763219.162,4,1
430258.7998,3,1
274890.2237,3,0
681994.9094,6,1
102050.3585,3,0
121786.8176,2,0
631312.376,4,1
271185.4808,3,1
423815.248,2,1
261807.1939,2,0
158162.5983,2,0
131037.3002,3,0
119066.8326,1,0
205784.669,1,0
330437.4705,3,1
202608.9636,3,0
749067.4694,6,1
280826.7251,2,1
245099.9209,4,0
254894.2626,4,0
837970.4147,5,1
432711.3006,5,1
388014.5042,3,1
503314.3608,3,1
346232.2238,2,1
524187.1143,5,1
218833.1818,3,0
307857.6781,3,1
221530.8266,1,0
552399.0431,4,1
292393.51,3,1
159467.8898,3,1
578259.3649,2,1
185347.049,3,0
244700.5513,4,0
374107.3985,2,1
256747.0528,3,0
202442.6815,4,0
177048.5506,3,0
358206.1419,2,1
592175.603,4,1
311510.6121,5,1
552899.6883,3,1
330587.3834,3,1
514204.7866,3,1
242606.8395,4,0
144004.2554,3,0
594488.8324,3,1
148537.9023,3,0
270705.4256,2,0
244045.5199,3,0
284914.3038,5,1
268056.2264,3,0
397277.2679,4,1
176690.5179,4,0
390128.7501,3,1
689258.045,4,1
205364.1847,3,0
114899.8269,2,0
157357.3693,3,0
124139.6177,1,0
712252.1894,3,1
206938.7614,4,0
358135.5706,2,1
270755.4029,2,0
215742.7482,5,0
214915.6692,2,0
193808.0636,2,1
183923.0472,3,0
587516.5043,5,1
449529.6374,4,1
198478.5025,1,0
192402.0638,3,0
402293.4837,3,1
154444.6512,3,0
134583.2515,3,0
165657.3604,2,0
222939.7391,3,0
155158.3258,2,1
277814.9994,4,0
343027.6788,4,0
284573.5039,2,1
427600.4758,3,1
444412.2556,3,1
182718.5298,1,0
380252.3536,3,1
365330.0965,3,1
179268.8229,4,0
440770.9667,3,1
504313.189,3,1
428833.192,3,1
431395.731,3,1
154520.8067,2,0
346664.0448,4,1
223576.1619,3,0
303919.7476,3,1
276181.7237,1,0
166715.2509,2,1
127273.3566,2,0
311436.8045,4,1
408043.3866,3,1
233789.3427,4,0
253706.2029,1,0
462394.7906,4,1
253203.9042,2,0
181185.637,3,0
392732.8557,4,1
300158.0896,4,1
351781.2559,1,1
336276.9028,4,0
389898.0003,4,1
565634.5769,4,1
332929.6403,4,1
317519.7226,3,1
507865.0294,3,1
186836.4341,3,0
217832.0938,3,0
200834.2875,4,0
306963.0262,3,1
120328.5623,2,0
390936.305,3,1
313286.8009,2,1
384306.2272,2,1
127058.6412,2,0
190599.4267,4,0
148126.1958,2,0
261715.0866,4,0
125908.1015,2,0
651993.5077,5,1
183397.9195,3,0
287456.6726,2,1
727626.7059,4,1
328391.6367,2,1
182527.0627,2,0
223665.42,3,0
226612.8674,2,0
662104.8113,5,1
167794.434,1,0
394371.9124,5,1
315717.5255,3,1
363115.9217,4,1
558724.6168,5,1
314630.9598,2,1
299895.4757,2,1
455248.5557,4,0
397648.5235,2,1
222701.3807,2,0
98540.95607,1,0
131803.1407,2,0
423958.8646,2,1
341905.6708,4,0
311596.6105,5,1
102811.3906,2,0
713441.2579,3,1
396505.3981,4,0
235650.3565,3,1
113983.8198,3,0
195135.8534,3,0
816228.0597,5,1
95319.3426,3,0
184180.3022,3,0
238886.441,2,0
439796.0716,4,1
112697.6057,2,0
150319.056,2,0
118738.0677,2,0
373841.5628,3,1
136278.2019,2,1
313323.3904,4,1
329881.689,3,1
376807.9552,3,1
379636.3001,4,1
146398.0981,2,0
257495.1117,3,0
791421.1359,4,1
282855.1167,3,1
412716.6364,5,1
380776.593,4,1
113695.3777,2,0
402016.5032,3,1
370439.3523,3,0
315279.277,3,1
311996.9285,3,1
154133.2594,1,0
125895.9984,1,1
509396.2491,3,1
295674.2272,3,1
280797.6486,3,1
253671.3641,3,0
304061.1571,4,1
311418.5885,2,0
129891.1783,4,0
277678.3584,2,1
449851.6157,3,1
336980.0256,3,1
151227.593,4,0
239893.8764,3,0
407439.7019,4,1
249197.4365,4,0
152316.5163,2,0
152308.4204,3,0
341988.3309,3,1
108814.7493,2,0
251531.1664,3,0
196709.0234,2,0
213524.6477,2,0
113269.523,2,0
290268.5031,3,0
223105.4141,3,0
373527.7319,3,1
334532.0755,2,1
572622.5536,4,1
829280.1212,5,1
314074.2013,3,1
294658.1949,4,1
356015.9725,4,1
470536.3101,4,1
506332.0959,3,1
337885.0451,3,1
398607.9416,3,1
200372.4571,1,0
564668.1947,3,1
165193.2235,2,0
348619.8053,3,1
230578.9288,3,0
196299.6935,2,0
197377.5948,2,0
111897.733,2,0
213676.0506,3,1
136866.0138,3,0
94995.80949,3,1
650855.1678,4,1
132104.0494,3,0
203731.6781,2,0
213896.1784,2,0
302138.7007,4,1
245731.7371,1,0
98718.31518,3,0
830152.1566,4,1
313484.1485,4,1
151913.9993,1,0
374415.8652,3,1
173059.6361,3,0
345985.2698,2,1
191530.8126,3,0
232593.1716,3,0
134264.7762,2,0
166993.8211,5,0
411696.635,1,1
129375.8222,3,0
540260.287,2,1
348780.2029,3,1
112889.549,2,0
161135.927,1,0
255530.6013,2,0
168330.4741,2,0
92601.95258,3,0
306219.2514,2,1
540757.4699,4,1
182456.2896,4,0
432123.938,4,1
99338.70513,1,0
431606.9747,3,1
163923.6526,2,0
112202.2475,2,0
436153.2994,6,1
419292.4776,3,1
219051.4837,4,0
229305.9829,4,0
242334.6467,4,0
271609.5495,3,0
129581.9276,2,0
349805.471,3,1
380264.2489,5,1
205838.1961,2,0
479551.9932,2,1
152349.6387,4,0
564164.8118,3,1
239850.3375,4,0
630878.4614,4,1
573083.1594,3,1
465801.9712,4,1
186837.4162,2,0
272173.3089,4,0
99790.47713,1,1
215596.0861,3,1
385144.7233,3,1
417432.9492,3,0
235149.0994,3,0
282190.943,5,0
399718.2074,2,0
352518.6373,4,1
295544.7864,2,1
148899.3633,2,1
728421.5303,4,0
492336.0882,3,1
202973.6518,2,0
300234.4103,3,1
529170.2351,3,1
395372.1412,2,1
321898.8296,3,1
629971.2026,4,1
248774.6128,2,0
274030.2632,3,0
506924.7007,3,1
413163.3197,4,1
250365.5653,1,0
574797.8715,4,1
289207.8725,3,1
443216.9696,4,1
226312.606,3,0
533541.3888,4,1
412388.0148,3,1
132458.2991,3,0
507058.1517,5,1
137475.7105,2,0
209231.3155,3,0
531828.5757,5,1
188772.5549,3,1
144184.616,1,0
570090.1058,2,1
263369.584,3,0
155755.9859,2,0
236381.0551,4,0
234225.3508,2,0
190448.0922,5,0
184652.8351,2,1
209841.1212,3,0
256654.3421,3,1
346383.1279,4,1
270401.0649,2,0
135675.877,2,0
323789.908,4,0
173493.5874,3,0
268744.0295,4,0
132997.0632,2,0
251127.5689,3,0
166249.1423,3,0
288443.5405,4,1
527678.7966,5,1
212914.6987,4,0
608346.9181,3,1
113736.8159,3,0
170579.0863,4,0
199494.4664,2,0
576752.4502,4,1
176184.984,2,0
561136.6102,4,1
324219.1165,3,1
239318.3161,2,0
329972.2498,2,1
209251.238,3,0
333793.7857,3,1
382471.2411,4,1
608409.4563,5,1
288145.2699,2,1
714083.0738,4,1
170728.7881,2,0
97646.83316,1,0
502951.2248,3,1
437886.321,5,0
106959.66,2,1
134650.013,1,0
477320.8515,4,1
320726.3276,3,1
215617.7792,3,0
256768.3487,2,0
597561.8821,4,1
363786.1727,4,1
256432.41,4,0
287104.5116,3,1
382986.1356,3,1
609953.1005,3,1
164784.6152,3,0
270220.6987,3,0
116809.1831,2,0
691877.0097,4,0
190679.4116,1,0
212746.8088,2,0
219685.3454,3,0
191094.1163,3,0
244632.8005,2,0
576780.8894,3,1
135803.542,3,0
465446.4607,3,1
458499.8035,4,1
339288.0054,4,1
120656.4199,2,0
323195.0317,3,1
546443.9519,4,1
562266.5537,3,0
201588.9212,4,0
283605.4848,2,1
163869.4855,4,0
252574.0625,3,1
139508.8518,3,0
467961.8684,5,1
386188.4407,3,1
164483.0394,2,0
364356.9769,5,1
344078.7362,3,0
196032.289,3,0
394713.9116,4,1
208564.8321,3,0
438846.4077,3,1
395909.7504,4,0
330299.8118,3,1
252942.5077,2,0
166518.0819,2,0
364861.8592,5,1
398669.8832,4,1
144240.8553,2,0
327410.5192,3,1
229456.1673,3,1
181675.5726,3,0
243841.9274,4,0
204468.4431,5,1
461615.7067,3,1
291340.4072,3,0
517884.4598,3,0
128107.9482,2,0
334203.7175,4,1
429059.6586,3,1
649626.5373,4,1
268927.7861,3,0
329232.3675,4,1
298393.5383,4,1
238598.1583,2,0
174594.5713,2,0
348533.4625,3,1
195395.1853,2,0
207562.4052,2,0
222458.8726,3,0
184064.8596,5,0
109342.557,3,0
135762.7724,3,0
378016.2366,2,1
135637.489,3,0
260655.36,3,0
326517.4819,4,1
315021.7668,3,1
382106.8186,5,1
337437.9892,5,1
338867.9445,3,0
156375.4648,3,0
212646.0281,3,1
394191.4072,3,1
410418.3467,5,1
434991.6789,3,0
591424.2005,6,1
138576.4811,3,0
377699.5036,4,1
486386.3734,4,1
498208.2619,1,1
158341.8859,3,0
148633.5207,3,1
460878.5145,4,1
455430.4253,3,1
282404.5476,4,1
113167.6128,3,0
206841.4109,4,0
578051.277,4,1
266078.998,2,0
375742.0057,3,1
266190.2215,2,0
251463.4563,2,0
361506.0277,4,1
346632.8721,3,1
562084.7515,4,1
645131.9324,3,1
205880.9663,3,0
363161.8753,2,1
359643.3157,3,1
287941.7178,4,1
109834.0198,2,1
185377.3079,4,0
207302.7121,3,0
497093.5765,4,1
433254.7866,4,1
419409.8298,1,1
129334.4378,3,0
109940.888,1,0
111070.1369,1,0
406264.4939,4,0
453280.3186,4,1
484590.9808,4,1
263985.8704,1,1
287378.1335,4,1
155245.5635,2,0
220214.6421,4,0
611797.062,5,1
466229.3639,3,1
200768.8166,4,0
295492.6005,3,1
304321.73,3,1
292921.509,3,1
142740.4811,4,0
646526.0787,3,1
229002.2247,3,0
193604.4884,3,0
436066.8884,5,1
145605.9049,2,1
584060.7653,3,1
228217.1805,3,0
102550.9162,3,0
382816.8382,3,1
360527.6946,3,1
376483.678,3,1
173453.0226,4,0
254639.4274,3,0
483449.2151,4,1
192489.5084,2,0
214842.9478,3,1
216365.0686,4,0
175080.1936,1,0
188820.579,2,0
227140.276,2,0
409719.3827,3,1
306771.0113,4,0
304817.7262,3,1
277979.9734,4,1
140708.0612,3,0
388066.3842,4,1
150396.4581,2,0
337620.1849,4,1
192523.1451,3,0
165582.9574,1,0
218624.3683,3,0
208333.7138,2,0
197878.8468,1,0
465740.0164,3,1
298803.5502,4,1
158526.3876,2,0
204136.2372,3,0
95470.82672,2,0
105223.5852,2,1
177609.5261,1,0
284982.2862,2,0
194056.4015,4,0
352173.3385,2,0
188994.8131,3,0
458131.6722,5,1
234171.1958,3,0
144709.6254,1,0
297282.1405,2,1
268485.508,3,0
405519.9775,4,1
284755.1279,3,1
134294.5711,2,0
475486.5339,3,1
245587.7622,2,0
130244.3485,3,0
114655.3387,4,0
268895.1762,2,0
225509.6491,3,0
210617.1296,3,0
347152.0922,3,1
380750.5958,2,1
288465.6413,4,1
164691.2713,3,0
252533.7874,1,0
429661.366,5,1
434904.4448,4,1
180908.3476,3,0
354541.3626,3,1
346701.7911,4,1
244824.7969,2,0
388144.7625,4,1
214425.1465,3,0
286409.3475,3,1
225548.965,3,0
276838.4577,3,0
138516.6529,2,0
428253.0977,4,1
507185.9231,4,1
166591.1252,2,0
204657.2539,3,0
151676.3925,2,0
304359.6145,3,1
177858.1949,3,0
384034.3736,2,1
267840.791,3,0
372007.9195,5,1
374368.3765,5,1
521028.8945,4,1
262977.1506,2,0
339150.2321,4,1
389062.31,4,1
342204.0772,2,1
209318.0774,2,0
316473.2471,3,1
301973.537,3,1
113282.0931,1,0
319491.2253,2,1
317614.7678,1,1
196840.4434,2,0
764946.4291,2,1
553654.66,4,1
173719.3748,1,0
597585.9219,4,1
113180.9897,2,0
106525.0623,3,0
564217.122,4,1
336701.9686,3,1
501365.3676,3,1
388050.4923,5,1
204151.4319,1,0
362007.6996,4,0
200617.6149,2,0
278794.3901,4,0
486556.1798,4,1
174720.5016,3,0
100792.618,2,0
195620.7025,3,0
790443.2183,4,1
326809.4335,4,1
206891.4973,2,1
375267.7952,4,1
261564.5218,3,0
393785.1708,4,1
479621.8666,4,0
678290.7408,4,1
240714.5768,2,0
149978.7022,2,0
311578.357,4,1
606503.4716,4,1
320987.044,3,1
133722.6083,3,0
107491.6315,1,0
233132.906,3,0
167051.6335,3,0
124550.5489,2,0
604141.8781,4,1
508161.7436,3,1
105428.4652,3,0
441196.76,4,1
314277.9998,1,1
382139.7344,4,1
363575.0038,3,1
119043.1142,2,0
307138.8735,2,1
424643.659,5,1
321657.1943,4,1
205930.3129,1,0
358070.9608,4,0
384970.3986,4,1
498424.3949,3,0
176632.1144,3,0
550696.1107,2,1
138482.0027,2,0
323252.7729,3,1
374997.0191,3,1
293761.9376,3,1
366513.0724,5,1
427688.4335,4,1
262745.4824,3,0
467746.1389,4,1
349752.9258,2,1
171495.9481,2,0
414343.7851,3,1
506658.1601,3,1
140569.2476,4,1
249773.6916,2,1
127717.4987,2,0
116627.4035,2,0
113695.6907,3,0
272577.9414,3,0
255152.0647,2,0
139107.5279,2,0
532855.9444,4,1
186119.9462,2,1
161850.87,2,1
803240.5875,5,1
893278.6476,5,1
220471.3335,2,0
139812.5241,2,0
215469.7393,2,0
204192.7232,3,0
188010.3433,2,0
933485.5561,6,1
168127.408,2,0
110294.775,2,0
189339.7203,2,0
438473.4817,4,1
556413.2707,3,1
191792.6936,3,0
122318.6077,3,0
123582.7738,2,0
183177.725,3,0
355056.4582,2,1
233976.9709,2,0
321069.5453,3,1
462194.2771,4,1
174489.4337,3,0
277318.8698,3,0
545962.0806,4,1
484526.5342,4,1
320096.7017,3,1
282289.0209,4,1
164522.24,3,0
322811.1839,1,1
176999.8564,4,0
195394.9212,4,1
792692.2739,4,1
344358.9229,3,0
386890.8628,2,1
118652.161,1,1
479213.8492,5,1
288933.766,5,1
211407.4124,3,0
472890.0803,3,1
374124.2146,3,1
336706.1569,4,1
392663.8886,2,1
274752.55,1,0
221693.1649,4,0
432576.2927,3,1
139237.1177,3,0
329601.4479,3,1
199969.075,2,0
172557.2552,3,0
939276.434,4,1
150555.0477,1,0
387699.8519,3,1
436042.4919,4,1
354011.8775,3,1
224003.9849,3,0
308965.5601,2,1
441105.0733,3,1
183263.5271,2,0
461870.3293,4,0
325140.5748,5,1
446114.0807,5,1
241602.6037,3,1
207975.2291,4,0
271942.7666,2,0
321821.2618,5,1
478728.7203,3,1
350380.8319,3,1
516902.3827,4,1
305321.266,3,1
312887.1419,3,1
283571.5975,4,1
209285.2461,4,1
170417.2644,3,0
400707.8397,3,1
307377.3826,3,1
123038.9836,3,0
328263.1244,4,0
422216.4882,4,0
150907.6334,2,0
422578.4358,3,0
358034.3549,3,1
225360.6897,3,1
132976.4748,2,0
502261.871,3,1
230091.0023,3,0
236275.3324,3,0
178729.4383,3,0
484487.3022,4,1
283083.6431,5,1
445151.1716,4,1
364840.3267,3,1
476500.8692,4,1
373180.0435,3,1
338005.573,4,1
126945.9536,3,0
225754.0051,4,1
127257.9956,3,0
314770.5371,4,1
146346.0614,1,0
152547.8006,2,1
616912.2781,3,1
247938.1754,3,0
149019.5725,2,0
127225.9931,4,0
413490.4371,5,1
694486.5215,5,1
251297.1141,2,1
626317.161,5,1
160221.4031,3,1
276244.1398,3,0
290923.8511,4,1
332966.1628,4,1
233490.1751,3,0
283536.741,3,1
552338.3594,4,1
315298.5475,3,1
138710.3964,3,1
179323.0848,1,0
153827.7845,2,0
182212.9644,3,0
302869.711,3,1
293923.001,4,1
105508.9037,1,0
394288.3338,3,0
161052.3668,3,0
476432.9727,3,1
249996.4094,3,0
224714.8667,1,1
357344.5766,3,1
134893.7547,2,0
545669.8696,2,1
385316.8073,4,1
671953.585,2,1
138517.8481,3,0
142846.5424,3,0
353135.7331,3,1
258489.1512,4,0
1045707.039,4,1
144597.4335,3,0
323227.9855,3,1
299791.0386,4,1
163072.4876,3,0
575720.6344,4,1
210775.7641,3,0
351914.018,4,1
295165.8876,3,1
102952.0441,2,1
380952.6277,4,1
220430.4193,2,0
314192.9593,4,1
129930.7731,2,0
470665.0211,3,0
344229.169,1,1
369719.7828,4,1
323996.8858,2,1
450776.8544,5,1
315108.9475,4,1
214544.3699,3,0
328123.2611,5,0
398962.6882,4,1
557414.8766,3,1
108553.5522,2,0
123788.0536,2,0
166949.991,1,0
767631.1509,4,1
771435.436,5,1
234312.0381,2,0
260609.8094,4,0
819202.2259,4,1
218158.7308,2,0
415189.7194,5,1
158717.4633,3,0
115969.8443,2,0
305326.2732,5,1
386431.0385,4,1
296393.2571,3,1
283615.4031,1,1
615051.4825,3,1
261685.8617,4,0
227843.7879,2,1
167488.2899,2,0
332048.7969,4,1
364516.1464,4,1
273089.5777,4,1
148261.471,3,0
373177.5445,1,0
511642.3973,4,1
225821.6334,3,0
465002.1668,4,1
407863.0369,3,1
224104.3,3,0
164510.3087,1,0
421138.8424,4,1
129802.1433,1,0
429324.1729,4,1
282579.157,3,1
364752.9646,3,1
457562.5261,5,1
146875.153,3,1
377781.3912,5,1
393907.9357,5,1
252802.4056,4,0
112541.3418,2,1
219950.3383,2,0
184006.5948,4,0
369834.2411,2,1
104392.3698,2,0
276095.139,4,1
228139.8188,3,0
323535.7209,4,1
105444.823,3,0
420325.6531,4,1
167211.8767,1,0
134865.951,3,0
103851.1588,2,0
606667.6084,4,1
668770.8501,4,1
129552.4041,2,0
189599.5983,2,0
210757.905,1,0
166006.2892,4,0
225922.8165,4,1
264253.4463,1,0
162277.0033,4,0
164222.1711,3,0
221526.5807,5,0
306098.3293,4,1
355201.9424,5,1
100954.0932,1,0
278577.1969,3,1
144028.1652,3,0
463281.4699,5,1
372486.1554,3,1
220567.8738,2,0
264959.3866,2,0
107694.0092,2,1
186234.3612,3,0
531131.86,2,1
185710.7023,4,0
263236.7492,3,0
138889.0292,2,0
271802.8822,4,0
117990.6467,3,0
174333.5708,2,0
202014.9337,2,0
170246.3256,2,0
246864.7171,3,0
185486.3727,2,0
211645.67,2,0
323956.1211,3,1
372714.9939,2,1
312135.2372,3,1
237931.6911,4,0
303540.4506,4,1
208085.2943,3,0
619955.3462,4,1
340659.8218,2,1
316375.6638,3,1
249787.5681,4,0
446605.6897,3,1
302024.3159,4,1
144090.8028,2,0
214337.2408,3,0
276251.1461,4,0
111227.1716,3,0
151921.942,1,0
234106.633,2,0
264591.9065,3,0
523016.3934,5,1
313547.4323,2,1
340434.0506,4,1
345571.5265,3,1
267888.0566,3,0
351705.5407,3,1
363769.477,5,0
147724.0952,3,0
412837.757,2,1
306626.4858,4,1
709042.0325,3,1
296943.6869,4,1
218772.4229,3,0
